tree_idx,node_idx,lchild_idx,rchild_idx,feature_idx,threshold,nnneg,npos
0,0,1,14,2,0.028444005310769883,271.0,107.0
0,1,2,3,0,517.5706361153026,101.0,26.0
0,2,-1,-1,-2,-2.0,13.0,0.0
0,3,4,13,6,2.9504404850073347,88.0,26.0
0,4,5,6,0,645.8966561774242,69.0,26.0
0,5,-1,-1,-2,-2.0,14.0,0.0
0,6,7,8,8,1828.4064515602804,55.0,26.0
0,7,-1,-1,-2,-2.0,33.0,4.0
0,8,9,12,2,0.007310835815291599,22.0,22.0
0,9,10,11,9,3063.819920822872,15.0,16.0
0,10,-1,-1,-2,-2.0,5.0,11.0
0,11,-1,-1,-2,-2.0,10.0,5.0
0,12,-1,-1,-2,-2.0,7.0,6.0
0,13,-1,-1,-2,-2.0,19.0,0.0
0,14,15,24,13,0.006581646266124846,170.0,81.0
0,15,16,23,12,35.36980716947923,61.0,47.0
0,16,17,22,0,756.919596356768,41.0,39.0
0,17,18,21,8,5047.558689266238,32.0,23.0
0,18,19,20,3,0.36522121371944494,23.0,18.0
0,19,-1,-1,-2,-2.0,13.0,13.0
0,20,-1,-1,-2,-2.0,10.0,5.0
0,21,-1,-1,-2,-2.0,9.0,5.0
0,22,-1,-1,-2,-2.0,9.0,16.0
0,23,-1,-1,-2,-2.0,20.0,8.0
0,24,25,38,9,2095.6337105080643,109.0,34.0
0,25,26,29,9,331.1797043649385,102.0,27.0
0,26,27,28,3,0.29211339368117667,33.0,3.0
0,27,-1,-1,-2,-2.0,18.0,0.0
0,28,-1,-1,-2,-2.0,15.0,3.0
0,29,30,37,6,0.32058186471489347,69.0,24.0
0,30,31,32,4,1.1823214433073632,43.0,23.0
0,31,-1,-1,-2,-2.0,6.0,9.0
0,32,33,34,4,2.0670999428569803,37.0,14.0
0,33,-1,-1,-2,-2.0,8.0,7.0
0,34,35,36,3,0.07226727207762527,29.0,7.0
0,35,-1,-1,-2,-2.0,18.0,3.0
0,36,-1,-1,-2,-2.0,11.0,4.0
0,37,-1,-1,-2,-2.0,26.0,1.0
0,38,-1,-1,-2,-2.0,7.0,7.0
1,0,1,2,0,605.9832522091378,271.0,107.0
1,1,-1,-1,-2,-2.0,41.0,0.0
1,2,3,10,0,692.7370689198082,230.0,107.0
1,3,4,9,0,682.0719098328016,94.0,10.0
1,4,5,6,5,6.128649191059474,78.0,5.0
1,5,-1,-1,-2,-2.0,43.0,0.0
1,6,7,8,1,0.9499404944065588,35.0,5.0
1,7,-1,-1,-2,-2.0,15.0,3.0
1,8,-1,-1,-2,-2.0,20.0,2.0
1,9,-1,-1,-2,-2.0,16.0,5.0
1,10,11,18,0,712.9895193055223,136.0,97.0
1,11,12,15,0,698.4526365890413,55.0,15.0
1,12,13,14,4,2.415146177362253,31.0,5.0
1,13,-1,-1,-2,-2.0,19.0,2.0
1,14,-1,-1,-2,-2.0,12.0,3.0
1,15,16,17,12,27.392614515215445,24.0,10.0
1,16,-1,-1,-2,-2.0,10.0,5.0
1,17,-1,-1,-2,-2.0,14.0,5.0
1,18,19,22,8,974.1180057763671,81.0,82.0
1,19,20,21,9,347.5696425859675,24.0,9.0
1,20,-1,-1,-2,-2.0,11.0,2.0
1,21,-1,-1,-2,-2.0,13.0,7.0
1,22,23,32,9,2219.495681661385,57.0,73.0
1,23,24,25,5,3.418327138022672,34.0,51.0
1,24,-1,-1,-2,-2.0,6.0,13.0
1,25,26,29,0,740.177071181674,28.0,38.0
1,26,27,28,5,8.364968065342385,18.0,14.0
1,27,-1,-1,-2,-2.0,10.0,8.0
1,28,-1,-1,-2,-2.0,8.0,6.0
1,29,30,31,9,1369.1968586228409,10.0,24.0
1,30,-1,-1,-2,-2.0,5.0,12.0
1,31,-1,-1,-2,-2.0,5.0,12.0
1,32,33,36,8,7228.900454213331,23.0,22.0
1,33,34,35,4,0.8947634002635085,15.0,12.0
1,34,-1,-1,-2,-2.0,7.0,6.0
1,35,-1,-1,-2,-2.0,8.0,6.0
1,36,-1,-1,-2,-2.0,8.0,10.0
2,0,1,16,0,700.1100805155514,271.0,107.0
2,1,2,7,2,0.06004485076713671,167.0,19.0
2,2,3,6,16,6.385832845413049,81.0,4.0
2,3,4,5,1,0.904523162592446,65.0,4.0
2,4,-1,-1,-2,-2.0,16.0,0.0
2,5,-1,-1,-2,-2.0,49.0,4.0
2,6,-1,-1,-2,-2.0,16.0,0.0
2,7,8,15,6,3.3249914619722363,86.0,15.0
2,8,9,10,0,629.7602776483448,73.0,15.0
2,9,-1,-1,-2,-2.0,23.0,1.0
2,10,11,14,0,685.0453471183057,50.0,14.0
2,11,12,13,8,2695.2453772026324,34.0,5.0
2,12,-1,-1,-2,-2.0,24.0,2.0
2,13,-1,-1,-2,-2.0,10.0,3.0
2,14,-1,-1,-2,-2.0,16.0,9.0
2,15,-1,-1,-2,-2.0,13.0,0.0
2,16,17,34,6,1.5088061846368044,104.0,88.0
2,17,18,25,8,2304.4612514159926,88.0,88.0
2,18,19,24,0,750.6023870560351,47.0,30.0
2,19,20,21,0,717.7745737567426,42.0,21.0
2,20,-1,-1,-2,-2.0,15.0,4.0
2,21,22,23,0,722.6850054434897,27.0,17.0
2,22,-1,-1,-2,-2.0,8.0,5.0
2,23,-1,-1,-2,-2.0,19.0,12.0
2,24,-1,-1,-2,-2.0,5.0,9.0
2,25,26,33,7,0.7235640649327841,41.0,58.0
2,26,27,28,0,721.4725752065297,28.0,45.0
2,27,-1,-1,-2,-2.0,9.0,8.0
2,28,29,30,5,4.557311563546449,19.0,37.0
2,29,-1,-1,-2,-2.0,10.0,12.0
2,30,31,32,0,745.5423641421564,9.0,25.0
2,31,-1,-1,-2,-2.0,5.0,10.0
2,32,-1,-1,-2,-2.0,4.0,15.0
2,33,-1,-1,-2,-2.0,13.0,13.0
2,34,-1,-1,-2,-2.0,16.0,0.0
3,0,1,4,0,644.7833830489699,271.0,107.0
3,1,2,3,2,0.5902866042718257,73.0,1.0
3,2,-1,-1,-2,-2.0,53.0,0.0
3,3,-1,-1,-2,-2.0,20.0,1.0
3,4,5,8,0,674.1512289387878,198.0,106.0
3,5,6,7,2,0.18855012076326735,33.0,3.0
3,6,-1,-1,-2,-2.0,20.0,2.0
3,7,-1,-1,-2,-2.0,13.0,1.0
3,8,9,18,0,713.353665789754,165.0,103.0
3,9,10,17,6,1.9221414001296002,88.0,21.0
3,10,11,14,9,858.319731330648,67.0,20.0
3,11,12,13,5,3.1267846520649196,45.0,8.0
3,12,-1,-1,-2,-2.0,23.0,4.0
3,13,-1,-1,-2,-2.0,22.0,4.0
3,14,15,16,2,0.08876695333894553,22.0,12.0
3,15,-1,-1,-2,-2.0,12.0,4.0
3,16,-1,-1,-2,-2.0,10.0,8.0
3,17,-1,-1,-2,-2.0,21.0,1.0
3,18,19,34,6,0.5789690988971707,77.0,82.0
3,19,20,33,13,0.014592302792121356,65.0,80.0
3,20,21,30,5,7.984935184933681,55.0,76.0
3,21,22,23,8,945.6125905479363,42.0,48.0
3,22,-1,-1,-2,-2.0,14.0,6.0
3,23,24,27,0,764.2278046161997,28.0,42.0
3,24,25,26,10,17170.566204316245,12.0,26.0
3,25,-1,-1,-2,-2.0,10.0,15.0
3,26,-1,-1,-2,-2.0,2.0,11.0
3,27,28,29,2,0.05474037771088309,16.0,16.0
3,28,-1,-1,-2,-2.0,5.0,8.0
3,29,-1,-1,-2,-2.0,11.0,8.0
3,30,31,32,7,0.9129289658334707,13.0,28.0
3,31,-1,-1,-2,-2.0,6.0,16.0
3,32,-1,-1,-2,-2.0,7.0,12.0
3,33,-1,-1,-2,-2.0,10.0,4.0
3,34,-1,-1,-2,-2.0,12.0,2.0
4,0,1,2,0,555.6807453849729,271.0,107.0
4,1,-1,-1,-2,-2.0,23.0,0.0
4,2,3,32,0,789.4477865809797,248.0,107.0
4,3,4,27,0,721.2467658455702,242.0,96.0
4,4,5,8,0,644.9070161915882,188.0,36.0
4,5,6,7,1,0.8988973769183649,50.0,1.0
4,6,-1,-1,-2,-2.0,16.0,1.0
4,7,-1,-1,-2,-2.0,34.0,0.0
4,8,9,14,0,684.3328674423195,138.0,35.0
4,9,10,11,8,966.2367695906371,49.0,6.0
4,10,-1,-1,-2,-2.0,20.0,0.0
4,11,12,13,10,11871.608238607463,29.0,6.0
4,12,-1,-1,-2,-2.0,15.0,1.0
4,13,-1,-1,-2,-2.0,14.0,5.0
4,14,15,26,6,2.7946053793628725,89.0,29.0
4,15,16,25,6,0.7229051937921462,73.0,28.0
4,16,17,22,8,1598.0440033520777,58.0,27.0
4,17,18,21,9,577.9418656918881,41.0,13.0
4,18,19,20,9,173.34078395801632,33.0,7.0
4,19,-1,-1,-2,-2.0,12.0,1.0
4,20,-1,-1,-2,-2.0,21.0,6.0
4,21,-1,-1,-2,-2.0,8.0,6.0
4,22,23,24,0,703.4764197070507,17.0,14.0
4,23,-1,-1,-2,-2.0,10.0,4.0
4,24,-1,-1,-2,-2.0,7.0,10.0
4,25,-1,-1,-2,-2.0,15.0,1.0
4,26,-1,-1,-2,-2.0,16.0,1.0
4,27,28,31,7,0.5344468273848513,54.0,60.0
4,28,29,30,8,1816.2999447031411,44.0,43.0
4,29,-1,-1,-2,-2.0,21.0,10.0
4,30,-1,-1,-2,-2.0,23.0,33.0
4,31,-1,-1,-2,-2.0,10.0,17.0
4,32,-1,-1,-2,-2.0,6.0,11.0
5,0,1,32,15,0.056941770043662646,271.0,107.0
5,1,2,31,10,63878.04555607869,225.0,98.0
5,2,3,10,8,716.2926396202728,217.0,87.0
5,3,4,5,8,220.99242056766172,73.0,8.0
5,4,-1,-1,-2,-2.0,29.0,0.0
5,5,6,9,8,573.8846067077875,44.0,8.0
5,6,7,8,0,694.1713828282298,30.0,7.0
5,7,-1,-1,-2,-2.0,14.0,0.0
5,8,-1,-1,-2,-2.0,16.0,7.0
5,9,-1,-1,-2,-2.0,14.0,1.0
5,10,11,24,0,730.3765658155905,144.0,79.0
5,11,12,23,4,6.94377098835249,110.0,27.0
5,12,13,22,6,4.299694810667864,97.0,26.0
5,13,14,21,10,26079.187810830394,81.0,26.0
5,14,15,18,4,2.1359045599288793,73.0,20.0
5,15,16,17,10,5587.107861338699,40.0,15.0
5,16,-1,-1,-2,-2.0,28.0,7.0
5,17,-1,-1,-2,-2.0,12.0,8.0
5,18,19,20,4,4.119761765058973,33.0,5.0
5,19,-1,-1,-2,-2.0,18.0,1.0
5,20,-1,-1,-2,-2.0,15.0,4.0
5,21,-1,-1,-2,-2.0,8.0,6.0
5,22,-1,-1,-2,-2.0,16.0,0.0
5,23,-1,-1,-2,-2.0,13.0,1.0
5,24,25,30,5,7.9673805925843215,34.0,52.0
5,25,26,29,12,29.143750776603703,29.0,35.0
5,26,27,28,8,3622.5211294705614,14.0,23.0
5,27,-1,-1,-2,-2.0,8.0,11.0
5,28,-1,-1,-2,-2.0,6.0,12.0
5,29,-1,-1,-2,-2.0,15.0,12.0
5,30,-1,-1,-2,-2.0,5.0,17.0
5,31,-1,-1,-2,-2.0,8.0,11.0
5,32,33,34,0,656.7811638516287,46.0,9.0
5,33,-1,-1,-2,-2.0,22.0,0.0
5,34,35,36,6,0.5556366213390774,24.0,9.0
5,35,-1,-1,-2,-2.0,10.0,8.0
5,36,-1,-1,-2,-2.0,14.0,1.0
6,0,1,32,6,0.5665292044014341,271.0,107.0
6,1,2,5,5,1.4184156737376077,175.0,101.0
6,2,3,4,4,0.40230452939975286,32.0,5.0
6,3,-1,-1,-2,-2.0,14.0,2.0
6,4,-1,-1,-2,-2.0,18.0,3.0
6,5,6,9,4,0.905264520973556,143.0,96.0
6,6,7,8,13,0.0027613883521259057,16.0,16.0
6,7,-1,-1,-2,-2.0,11.0,8.0
6,8,-1,-1,-2,-2.0,5.0,8.0
6,9,10,25,0,739.5664725362167,127.0,80.0
6,10,11,22,8,2460.982505918938,106.0,38.0
6,11,12,19,8,1163.983578807201,85.0,23.0
6,12,13,16,2,0.21066568921168893,61.0,11.0
6,13,14,15,9,345.12452587597,37.0,7.0
6,14,-1,-1,-2,-2.0,20.0,3.0
6,15,-1,-1,-2,-2.0,17.0,4.0
6,16,17,18,10,5307.2057953994745,24.0,4.0
6,17,-1,-1,-2,-2.0,12.0,3.0
6,18,-1,-1,-2,-2.0,12.0,1.0
6,19,20,21,13,0.010622277986462349,24.0,12.0
6,20,-1,-1,-2,-2.0,14.0,9.0
6,21,-1,-1,-2,-2.0,10.0,3.0
6,22,23,24,0,697.0496581970013,21.0,15.0
6,23,-1,-1,-2,-2.0,13.0,2.0
6,24,-1,-1,-2,-2.0,8.0,13.0
6,25,26,31,7,0.7588176819304087,21.0,42.0
6,26,27,30,3,0.837424093316041,13.0,31.0
6,27,28,29,8,2663.547695485199,6.0,24.0
6,28,-1,-1,-2,-2.0,4.0,9.0
6,29,-1,-1,-2,-2.0,2.0,15.0
6,30,-1,-1,-2,-2.0,7.0,7.0
6,31,-1,-1,-2,-2.0,8.0,11.0
6,32,33,34,6,1.9588415273273556,96.0,6.0
6,33,-1,-1,-2,-2.0,32.0,4.0
6,34,35,36,0,622.8482300703638,64.0,2.0
6,35,-1,-1,-2,-2.0,28.0,0.0
6,36,37,38,13,0.012795180315027452,36.0,2.0
6,37,-1,-1,-2,-2.0,21.0,1.0
6,38,-1,-1,-2,-2.0,15.0,1.0
7,0,1,38,6,3.184904840395276,271.0,107.0
7,1,2,35,6,1.9647880596876088,232.0,107.0
7,2,3,32,6,0.6596699308881862,207.0,105.0
7,3,4,23,0,729.0269680367908,175.0,101.0
7,4,5,20,8,3907.146813603652,132.0,37.0
7,5,6,11,8,510.95792389612546,113.0,30.0
7,6,7,10,13,0.027728722639342368,47.0,4.0
7,7,8,9,0,695.7881032730397,36.0,1.0
7,8,-1,-1,-2,-2.0,22.0,0.0
7,9,-1,-1,-2,-2.0,14.0,1.0
7,10,-1,-1,-2,-2.0,11.0,3.0
7,11,12,19,0,704.9459838503719,66.0,26.0
7,12,13,18,2,0.6088786566631893,49.0,12.0
7,13,14,17,3,0.027505024349086464,37.0,10.0
7,14,15,16,5,6.307256176279512,29.0,5.0
7,15,-1,-1,-2,-2.0,16.0,4.0
7,16,-1,-1,-2,-2.0,13.0,1.0
7,17,-1,-1,-2,-2.0,8.0,5.0
7,18,-1,-1,-2,-2.0,12.0,2.0
7,19,-1,-1,-2,-2.0,17.0,14.0
7,20,21,22,13,0.00717570294100924,19.0,7.0
7,21,-1,-1,-2,-2.0,9.0,4.0
7,22,-1,-1,-2,-2.0,10.0,3.0
7,23,24,27,9,1567.7934072758273,43.0,64.0
7,24,25,26,4,3.540480291256905,22.0,32.0
7,25,-1,-1,-2,-2.0,16.0,23.0
7,26,-1,-1,-2,-2.0,6.0,9.0
7,27,28,31,5,7.957945524229642,21.0,32.0
7,28,29,30,4,0.3260729160746899,15.0,18.0
7,29,-1,-1,-2,-2.0,10.0,9.0
7,30,-1,-1,-2,-2.0,5.0,9.0
7,31,-1,-1,-2,-2.0,6.0,14.0
7,32,33,34,5,7.4772139920281315,32.0,4.0
7,33,-1,-1,-2,-2.0,21.0,0.0
7,34,-1,-1,-2,-2.0,11.0,4.0
7,35,36,37,6,2.3794488256701496,25.0,2.0
7,36,-1,-1,-2,-2.0,13.0,1.0
7,37,-1,-1,-2,-2.0,12.0,1.0
7,38,-1,-1,-2,-2.0,39.0,0.0
8,0,1,2,0,545.0890628258181,271.0,107.0
8,1,-1,-1,-2,-2.0,20.0,0.0
8,2,3,6,0,643.9583166241451,251.0,107.0
8,3,4,5,2,0.616376217087645,53.0,1.0
8,4,-1,-1,-2,-2.0,36.0,0.0
8,5,-1,-1,-2,-2.0,17.0,1.0
8,6,7,36,14,9.32233068408553,198.0,106.0
8,7,8,29,0,744.0163166718634,187.0,104.0
8,8,9,28,10,36242.36567329725,157.0,59.0
8,9,10,21,0,703.2821061114232,147.0,51.0
8,10,11,18,10,6764.059271087897,93.0,16.0
8,11,12,15,8,549.0329449582067,61.0,8.0
8,12,13,14,9,169.63352924614844,29.0,2.0
8,13,-1,-1,-2,-2.0,17.0,1.0
8,14,-1,-1,-2,-2.0,12.0,1.0
8,15,16,17,8,1891.5998029059729,32.0,6.0
8,16,-1,-1,-2,-2.0,20.0,4.0
8,17,-1,-1,-2,-2.0,12.0,2.0
8,18,19,20,0,679.8951859813627,32.0,8.0
8,19,-1,-1,-2,-2.0,15.0,2.0
8,20,-1,-1,-2,-2.0,17.0,6.0
8,21,22,25,13,0.009122979156002527,54.0,35.0
8,22,23,24,9,1356.9383498592947,30.0,27.0
8,23,-1,-1,-2,-2.0,22.0,13.0
8,24,-1,-1,-2,-2.0,8.0,14.0
8,25,26,27,5,3.7292102099066646,24.0,8.0
8,26,-1,-1,-2,-2.0,11.0,5.0
8,27,-1,-1,-2,-2.0,13.0,3.0
8,28,-1,-1,-2,-2.0,10.0,8.0
8,29,30,31,9,1414.983840075314,30.0,45.0
8,30,-1,-1,-2,-2.0,7.0,17.0
8,31,32,35,2,0.10769921393633726,23.0,28.0
8,32,33,34,0,797.9052513218044,21.0,12.0
8,33,-1,-1,-2,-2.0,15.0,5.0
8,34,-1,-1,-2,-2.0,6.0,7.0
8,35,-1,-1,-2,-2.0,2.0,16.0
8,36,-1,-1,-2,-2.0,11.0,2.0
9,0,1,2,0,616.452201463027,271.0,107.0
9,1,-1,-1,-2,-2.0,51.0,0.0
9,2,3,34,6,2.72108142903125,220.0,107.0
9,3,4,11,8,771.5370677674828,190.0,106.0
9,4,5,8,8,405.9646935975015,62.0,9.0
9,5,6,7,2,0.04047694772455242,39.0,2.0
9,6,-1,-1,-2,-2.0,15.0,1.0
9,7,-1,-1,-2,-2.0,24.0,1.0
9,8,9,10,8,562.0683579659408,23.0,7.0
9,9,-1,-1,-2,-2.0,10.0,4.0
9,10,-1,-1,-2,-2.0,13.0,3.0
9,11,12,21,0,717.5295693839572,128.0,97.0
9,12,13,20,0,706.576901116677,75.0,22.0
9,13,14,19,6,0.8360727479849349,65.0,16.0
9,14,15,16,0,666.1386372931947,45.0,14.0
9,15,-1,-1,-2,-2.0,17.0,2.0
9,16,17,18,0,687.2701438024035,28.0,12.0
9,17,-1,-1,-2,-2.0,11.0,4.0
9,18,-1,-1,-2,-2.0,17.0,8.0
9,19,-1,-1,-2,-2.0,20.0,2.0
9,20,-1,-1,-2,-2.0,10.0,6.0
9,21,22,23,0,728.0950115314196,53.0,75.0
9,22,-1,-1,-2,-2.0,10.0,11.0
9,23,24,31,0,766.7915619564203,43.0,64.0
9,24,25,30,7,0.34824595104355643,22.0,41.0
9,25,26,29,10,19784.524051697237,19.0,28.0
9,26,27,28,2,0.1395980488862822,13.0,13.0
9,27,-1,-1,-2,-2.0,7.0,6.0
9,28,-1,-1,-2,-2.0,6.0,7.0
9,29,-1,-1,-2,-2.0,6.0,15.0
9,30,-1,-1,-2,-2.0,3.0,13.0
9,31,32,33,0,787.569707587161,21.0,23.0
9,32,-1,-1,-2,-2.0,13.0,10.0
9,33,-1,-1,-2,-2.0,8.0,13.0
9,34,35,36,8,3261.2527614390724,30.0,1.0
9,35,-1,-1,-2,-2.0,18.0,0.0
9,36,-1,-1,-2,-2.0,12.0,1.0
10,0,1,18,8,2222.207149814445,271.0,107.0
10,1,2,9,8,672.8452687937977,165.0,42.0
10,2,3,8,6,0.6906541980293832,78.0,8.0
10,3,4,5,9,181.00517494837064,63.0,8.0
10,4,-1,-1,-2,-2.0,26.0,1.0
10,5,6,7,0,708.3663879802294,37.0,7.0
10,6,-1,-1,-2,-2.0,24.0,2.0
10,7,-1,-1,-2,-2.0,13.0,5.0
10,8,-1,-1,-2,-2.0,15.0,0.0
10,9,10,13,9,600.159885635959,87.0,34.0
10,10,11,12,10,7369.464139486414,38.0,9.0
10,11,-1,-1,-2,-2.0,24.0,1.0
10,12,-1,-1,-2,-2.0,14.0,8.0
10,13,14,15,0,678.8708348315539,49.0,25.0
10,14,-1,-1,-2,-2.0,22.0,1.0
10,15,16,17,5,3.536754985124224,27.0,24.0
10,16,-1,-1,-2,-2.0,9.0,13.0
10,17,-1,-1,-2,-2.0,18.0,11.0
10,18,19,36,0,777.7677172602935,106.0,65.0
10,19,20,21,0,637.0984699540298,95.0,47.0
10,20,-1,-1,-2,-2.0,16.0,0.0
10,21,22,29,0,712.1148329838713,79.0,47.0
10,22,23,26,5,7.1236029095591995,49.0,10.0
10,23,24,25,10,9804.441232888234,29.0,1.0
10,24,-1,-1,-2,-2.0,16.0,0.0
10,25,-1,-1,-2,-2.0,13.0,1.0
10,26,27,28,5,10.22027092251008,20.0,9.0
10,27,-1,-1,-2,-2.0,11.0,2.0
10,28,-1,-1,-2,-2.0,9.0,7.0
10,29,30,33,0,743.1699838182749,30.0,37.0
10,30,31,32,5,10.346740103953863,18.0,18.0
10,31,-1,-1,-2,-2.0,9.0,14.0
10,32,-1,-1,-2,-2.0,9.0,4.0
10,33,34,35,5,7.279160766061005,12.0,19.0
10,34,-1,-1,-2,-2.0,10.0,8.0
10,35,-1,-1,-2,-2.0,2.0,11.0
10,36,-1,-1,-2,-2.0,11.0,18.0
11,0,1,38,6,5.717035525346657,271.0,107.0
11,1,2,37,6,2.916447048967912,244.0,107.0
11,2,3,22,9,939.3862896968546,220.0,106.0
11,3,4,7,0,632.7495768339138,129.0,34.0
11,4,5,6,5,4.1706843302448675,30.0,1.0
11,5,-1,-1,-2,-2.0,18.0,0.0
11,6,-1,-1,-2,-2.0,12.0,1.0
11,7,8,13,8,522.8404977930899,99.0,33.0
11,8,9,10,8,213.3207018977593,45.0,6.0
11,9,-1,-1,-2,-2.0,17.0,0.0
11,10,11,12,2,0.07464746631382697,28.0,6.0
11,11,-1,-1,-2,-2.0,13.0,1.0
11,12,-1,-1,-2,-2.0,15.0,5.0
11,13,14,21,7,0.9360086163207929,54.0,27.0
11,14,15,16,9,405.51883688669665,46.0,21.0
11,15,-1,-1,-2,-2.0,11.0,2.0
11,16,17,20,0,722.6843833987062,35.0,19.0
11,17,18,19,0,697.00533155259,25.0,5.0
11,18,-1,-1,-2,-2.0,15.0,2.0
11,19,-1,-1,-2,-2.0,10.0,3.0
11,20,-1,-1,-2,-2.0,10.0,14.0
11,21,-1,-1,-2,-2.0,8.0,6.0
11,22,23,28,0,714.4737249824561,91.0,72.0
11,23,24,27,15,0.9984622923650137,51.0,14.0
11,24,25,26,5,9.183208916421611,37.0,12.0
11,25,-1,-1,-2,-2.0,25.0,6.0
11,26,-1,-1,-2,-2.0,12.0,6.0
11,27,-1,-1,-2,-2.0,14.0,2.0
11,28,29,34,5,7.968155989874227,40.0,58.0
11,29,30,33,4,1.6635617528406725,30.0,34.0
11,30,31,32,0,773.230310900244,18.0,24.0
11,31,-1,-1,-2,-2.0,6.0,14.0
11,32,-1,-1,-2,-2.0,12.0,10.0
11,33,-1,-1,-2,-2.0,12.0,10.0
11,34,35,36,8,4187.049290586286,10.0,24.0
11,35,-1,-1,-2,-2.0,2.0,12.0
11,36,-1,-1,-2,-2.0,8.0,12.0
11,37,-1,-1,-2,-2.0,24.0,1.0
11,38,-1,-1,-2,-2.0,27.0,0.0
12,0,1,22,0,729.9192043938298,271.0,107.0
12,1,2,3,0,597.2898064601653,223.0,42.0
12,2,-1,-1,-2,-2.0,39.0,0.0
12,3,4,11,0,686.1702326504375,184.0,42.0
12,4,5,8,0,639.9757665530666,86.0,7.0
12,5,6,7,3,0.07516786413042241,32.0,1.0
12,6,-1,-1,-2,-2.0,14.0,1.0
12,7,-1,-1,-2,-2.0,18.0,0.0
12,8,9,10,5,4.891018082802658,54.0,6.0
12,9,-1,-1,-2,-2.0,25.0,0.0
12,10,-1,-1,-2,-2.0,29.0,6.0
12,11,12,19,6,0.16176665209316027,98.0,35.0
12,12,13,18,8,3056.9942341078977,65.0,32.0
12,13,14,17,9,806.1144547784303,54.0,20.0
12,14,15,16,10,4160.8930916343315,49.0,12.0
12,15,-1,-1,-2,-2.0,27.0,9.0
12,16,-1,-1,-2,-2.0,22.0,3.0
12,17,-1,-1,-2,-2.0,5.0,8.0
12,18,-1,-1,-2,-2.0,11.0,12.0
12,19,20,21,6,2.5325510001427265,33.0,3.0
12,20,-1,-1,-2,-2.0,16.0,2.0
12,21,-1,-1,-2,-2.0,17.0,1.0
12,22,23,30,5,9.070101516353946,48.0,65.0
12,23,24,29,13,0.0055532260871949055,40.0,48.0
12,24,25,28,2,0.11913528202973224,30.0,33.0
12,25,26,27,9,1807.8125765064324,26.0,24.0
12,26,-1,-1,-2,-2.0,10.0,14.0
12,27,-1,-1,-2,-2.0,16.0,10.0
12,28,-1,-1,-2,-2.0,4.0,9.0
12,29,-1,-1,-2,-2.0,10.0,15.0
12,30,-1,-1,-2,-2.0,8.0,17.0
13,0,1,10,0,664.2686688943154,271.0,107.0
13,1,2,3,1,0.5886615210159968,94.0,3.0
13,2,-1,-1,-2,-2.0,14.0,0.0
13,3,4,5,5,4.564000974671916,80.0,3.0
13,4,-1,-1,-2,-2.0,32.0,0.0
13,5,6,9,0,644.5057053121299,48.0,3.0
13,6,7,8,5,8.354354859029108,37.0,1.0
13,7,-1,-1,-2,-2.0,16.0,1.0
13,8,-1,-1,-2,-2.0,21.0,0.0
13,9,-1,-1,-2,-2.0,11.0,2.0
13,10,11,14,1,0.8881906652872014,177.0,104.0
13,11,12,13,4,2.7189457969362594,24.0,9.0
13,12,-1,-1,-2,-2.0,12.0,6.0
13,13,-1,-1,-2,-2.0,12.0,3.0
13,14,15,24,10,7800.801624661219,153.0,95.0
13,15,16,23,6,1.7762860813067696,79.0,26.0
13,16,17,22,9,1126.557623369879,61.0,26.0
13,17,18,21,4,2.3692334147026917,51.0,16.0
13,18,19,20,13,0.002664621949738181,31.0,12.0
13,19,-1,-1,-2,-2.0,16.0,2.0
13,20,-1,-1,-2,-2.0,15.0,10.0
13,21,-1,-1,-2,-2.0,20.0,4.0
13,22,-1,-1,-2,-2.0,10.0,10.0
13,23,-1,-1,-2,-2.0,18.0,0.0
13,24,25,34,0,754.938752480754,74.0,69.0
13,25,26,33,7,0.6949409603583352,54.0,43.0
13,26,27,30,0,727.663091167185,48.0,32.0
13,27,28,29,5,9.621877745083477,34.0,12.0
13,28,-1,-1,-2,-2.0,23.0,6.0
13,29,-1,-1,-2,-2.0,11.0,6.0
13,30,31,32,4,2.5865138334159337,14.0,20.0
13,31,-1,-1,-2,-2.0,5.0,12.0
13,32,-1,-1,-2,-2.0,9.0,8.0
13,33,-1,-1,-2,-2.0,6.0,11.0
13,34,35,36,7,0.681514283028205,20.0,26.0
13,35,-1,-1,-2,-2.0,12.0,20.0
13,36,-1,-1,-2,-2.0,8.0,6.0
14,0,1,26,0,723.017842373819,271.0,107.0
14,1,2,3,0,529.8973862523667,215.0,38.0
14,2,-1,-1,-2,-2.0,17.0,0.0
14,3,4,25,14,6.999296521301985,198.0,38.0
14,4,5,10,1,0.959717579087766,180.0,38.0
14,5,6,7,0,624.1728075301148,44.0,12.0
14,6,-1,-1,-2,-2.0,14.0,1.0
14,7,8,9,0,695.8164454655798,30.0,11.0
14,8,-1,-1,-2,-2.0,20.0,5.0
14,9,-1,-1,-2,-2.0,10.0,6.0
14,10,11,14,0,657.5233344596454,136.0,26.0
14,11,12,13,6,0.2795616762151763,42.0,1.0
14,12,-1,-1,-2,-2.0,27.0,0.0
14,13,-1,-1,-2,-2.0,15.0,1.0
14,14,15,18,0,690.5125940388593,94.0,25.0
14,15,16,17,2,0.13911538713188296,33.0,4.0
14,16,-1,-1,-2,-2.0,14.0,0.0
14,17,-1,-1,-2,-2.0,19.0,4.0
14,18,19,24,6,1.12644026108386,61.0,21.0
14,19,20,21,9,459.70510165659016,48.0,21.0
14,20,-1,-1,-2,-2.0,27.0,5.0
14,21,22,23,4,1.489961570822616,21.0,16.0
14,22,-1,-1,-2,-2.0,11.0,8.0
14,23,-1,-1,-2,-2.0,10.0,8.0
14,24,-1,-1,-2,-2.0,13.0,0.0
14,25,-1,-1,-2,-2.0,18.0,0.0
14,26,27,38,13,0.010433974609014669,56.0,69.0
14,27,28,31,0,746.291174875708,46.0,64.0
14,28,29,30,13,0.0018718356768477938,18.0,19.0
14,29,-1,-1,-2,-2.0,6.0,7.0
14,30,-1,-1,-2,-2.0,12.0,12.0
14,31,32,35,4,1.8805696009102135,28.0,45.0
14,32,33,34,2,0.04859021702546505,16.0,18.0
14,33,-1,-1,-2,-2.0,5.0,10.0
14,34,-1,-1,-2,-2.0,11.0,8.0
14,35,36,37,9,2075.454536241703,12.0,27.0
14,36,-1,-1,-2,-2.0,5.0,21.0
14,37,-1,-1,-2,-2.0,7.0,6.0
14,38,-1,-1,-2,-2.0,10.0,5.0
15,0,1,14,0,692.0864857002564,271.0,107.0
15,1,2,13,6,5.737011256505275,135.0,10.0
15,2,3,4,8,254.56731744788928,116.0,10.0
15,3,-1,-1,-2,-2.0,23.0,0.0
15,4,5,10,0,660.9201741078497,93.0,10.0
15,5,6,9,5,9.155192058140036,58.0,3.0
15,6,7,8,2,0.6677421523995708,42.0,1.0
15,7,-1,-1,-2,-2.0,30.0,0.0
15,8,-1,-1,-2,-2.0,12.0,1.0
15,9,-1,-1,-2,-2.0,16.0,2.0
15,10,11,12,5,9.781532872832162,35.0,7.0
15,11,-1,-1,-2,-2.0,25.0,3.0
15,12,-1,-1,-2,-2.0,10.0,4.0
15,13,-1,-1,-2,-2.0,19.0,0.0
15,14,15,34,6,1.165239433369245,136.0,97.0
15,15,16,27,0,736.8969895354924,114.0,96.0
15,16,17,20,0,705.737134200864,75.0,39.0
15,17,18,19,10,9543.583536773725,36.0,9.0
15,18,-1,-1,-2,-2.0,27.0,4.0
15,19,-1,-1,-2,-2.0,9.0,5.0
15,20,21,24,8,1790.5899874314619,39.0,30.0
15,21,22,23,0,719.9802889455949,23.0,11.0
15,22,-1,-1,-2,-2.0,12.0,4.0
15,23,-1,-1,-2,-2.0,11.0,7.0
15,24,25,26,10,15470.798733467607,16.0,19.0
15,25,-1,-1,-2,-2.0,4.0,9.0
15,26,-1,-1,-2,-2.0,12.0,10.0
15,27,28,31,0,764.8345716725264,39.0,57.0
15,28,29,30,12,23.633953512941467,18.0,33.0
15,29,-1,-1,-2,-2.0,5.0,16.0
15,30,-1,-1,-2,-2.0,13.0,17.0
15,31,32,33,0,787.3344239789687,21.0,24.0
15,32,-1,-1,-2,-2.0,13.0,11.0
15,33,-1,-1,-2,-2.0,8.0,13.0
15,34,-1,-1,-2,-2.0,22.0,1.0
16,0,1,36,6,5.920193517543465,271.0,107.0
16,1,2,25,0,735.0861054435773,244.0,107.0
16,2,3,4,0,587.1477233209404,204.0,50.0
16,3,-1,-1,-2,-2.0,26.0,0.0
16,4,5,24,15,1.0794420414974177,178.0,50.0
16,5,6,23,0,726.6398929197527,160.0,48.0
16,6,7,16,0,693.0220286101205,150.0,37.0
16,7,8,15,14,1.9414146067301812,89.0,9.0
16,8,9,12,5,4.925020851625605,78.0,7.0
16,9,10,11,2,0.09327836721488701,39.0,2.0
16,10,-1,-1,-2,-2.0,19.0,0.0
16,11,-1,-1,-2,-2.0,20.0,2.0
16,12,13,14,0,676.4575641096837,39.0,5.0
16,13,-1,-1,-2,-2.0,23.0,1.0
16,14,-1,-1,-2,-2.0,16.0,4.0
16,15,-1,-1,-2,-2.0,11.0,2.0
16,16,17,18,1,0.9319963610650592,61.0,28.0
16,17,-1,-1,-2,-2.0,9.0,7.0
16,18,19,20,2,0.0765033312788515,52.0,21.0
16,19,-1,-1,-2,-2.0,26.0,5.0
16,20,21,22,0,706.0724462475965,26.0,16.0
16,21,-1,-1,-2,-2.0,12.0,5.0
16,22,-1,-1,-2,-2.0,14.0,11.0
16,23,-1,-1,-2,-2.0,10.0,11.0
16,24,-1,-1,-2,-2.0,18.0,2.0
16,25,26,33,9,2395.094645092075,40.0,57.0
16,26,27,28,0,744.3585671360412,25.0,41.0
16,27,-1,-1,-2,-2.0,10.0,9.0
16,28,29,32,0,775.4298649911908,15.0,32.0
16,29,30,31,9,1008.2264315958104,13.0,21.0
16,30,-1,-1,-2,-2.0,5.0,8.0
16,31,-1,-1,-2,-2.0,8.0,13.0
16,32,-1,-1,-2,-2.0,2.0,11.0
16,33,34,35,0,785.5458263384858,15.0,16.0
16,34,-1,-1,-2,-2.0,7.0,9.0
16,35,-1,-1,-2,-2.0,8.0,7.0
16,36,-1,-1,-2,-2.0,27.0,0.0
17,0,1,4,0,620.9232420641572,271.0,107.0
17,1,2,3,9,675.4825581904944,52.0,1.0
17,2,-1,-1,-2,-2.0,29.0,0.0
17,3,-1,-1,-2,-2.0,23.0,1.0
17,4,5,24,8,2625.2781196447454,219.0,106.0
17,5,6,23,0,744.9978487668549,138.0,45.0
17,6,7,18,10,8987.649864977062,129.0,33.0
17,7,8,9,0,652.2693535523812,97.0,16.0
17,8,-1,-1,-2,-2.0,16.0,0.0
17,9,10,15,4,2.4709768963376884,81.0,16.0
17,10,11,12,10,151.49807569174936,44.0,13.0
17,11,-1,-1,-2,-2.0,13.0,1.0
17,12,13,14,9,283.04238420680275,31.0,12.0
17,13,-1,-1,-2,-2.0,18.0,1.0
17,14,-1,-1,-2,-2.0,13.0,11.0
17,15,16,17,0,699.2287041303836,37.0,3.0
17,16,-1,-1,-2,-2.0,22.0,1.0
17,17,-1,-1,-2,-2.0,15.0,2.0
17,18,19,20,0,687.284922554756,32.0,17.0
17,19,-1,-1,-2,-2.0,11.0,2.0
17,20,21,22,8,1725.9197520590014,21.0,15.0
17,21,-1,-1,-2,-2.0,13.0,8.0
17,22,-1,-1,-2,-2.0,8.0,7.0
17,23,-1,-1,-2,-2.0,9.0,12.0
17,24,25,26,0,666.1994143953544,81.0,61.0
17,25,-1,-1,-2,-2.0,12.0,2.0
17,26,27,36,6,0.5257784042161788,69.0,59.0
17,27,28,35,9,3143.012647219241,40.0,56.0
17,28,29,30,2,0.03565748317367368,25.0,44.0
17,29,-1,-1,-2,-2.0,3.0,12.0
17,30,31,32,5,5.068835841989534,22.0,32.0
17,31,-1,-1,-2,-2.0,10.0,8.0
17,32,33,34,7,0.9125593248347562,12.0,24.0
17,33,-1,-1,-2,-2.0,6.0,15.0
17,34,-1,-1,-2,-2.0,6.0,9.0
17,35,-1,-1,-2,-2.0,15.0,12.0
17,36,37,38,14,0.0833605397880825,29.0,3.0
17,37,-1,-1,-2,-2.0,14.0,2.0
17,38,-1,-1,-2,-2.0,15.0,1.0
18,0,1,28,7,0.7605715122821608,271.0,107.0
18,1,2,11,8,1110.3731830797033,234.0,86.0
18,2,3,10,16,0.04864164118126111,104.0,15.0
18,3,4,7,9,449.47677064383254,91.0,15.0
18,4,5,6,8,508.80581232756646,70.0,6.0
18,5,-1,-1,-2,-2.0,49.0,3.0
18,6,-1,-1,-2,-2.0,21.0,3.0
18,7,8,9,9,543.3522498320566,21.0,9.0
18,8,-1,-1,-2,-2.0,7.0,6.0
18,9,-1,-1,-2,-2.0,14.0,3.0
18,10,-1,-1,-2,-2.0,13.0,0.0
18,11,12,23,6,0.08296140752870655,130.0,71.0
18,12,13,14,8,1688.0916893925014,65.0,66.0
18,13,-1,-1,-2,-2.0,16.0,9.0
18,14,15,18,9,1302.2276883666532,49.0,57.0
18,15,16,17,9,1105.5780904484345,19.0,18.0
18,16,-1,-1,-2,-2.0,15.0,9.0
18,17,-1,-1,-2,-2.0,4.0,9.0
18,18,19,22,5,6.545484619469142,30.0,39.0
18,19,20,21,5,2.6564677756542654,24.0,23.0
18,20,-1,-1,-2,-2.0,13.0,8.0
18,21,-1,-1,-2,-2.0,11.0,15.0
18,22,-1,-1,-2,-2.0,6.0,16.0
18,23,24,27,6,3.1569187762946442,65.0,5.0
18,24,25,26,10,9317.443800772282,35.0,5.0
18,25,-1,-1,-2,-2.0,19.0,1.0
18,26,-1,-1,-2,-2.0,16.0,4.0
18,27,-1,-1,-2,-2.0,30.0,0.0
18,28,29,32,2,0.2628174797364911,37.0,21.0
18,29,30,31,2,0.09797941699995633,23.0,16.0
18,30,-1,-1,-2,-2.0,17.0,7.0
18,31,-1,-1,-2,-2.0,6.0,9.0
18,32,-1,-1,-2,-2.0,14.0,5.0
19,0,1,22,8,2199.4703522699283,271.0,107.0
19,1,2,5,0,654.859109195815,165.0,42.0
19,2,3,4,8,1146.3000165951903,60.0,2.0
19,3,-1,-1,-2,-2.0,37.0,0.0
19,4,-1,-1,-2,-2.0,23.0,2.0
19,5,6,15,0,718.6524896717875,105.0,40.0
19,6,7,14,6,0.9272154685702247,74.0,16.0
19,7,8,13,8,1372.7471752244733,58.0,16.0
19,8,9,10,9,191.7451631854033,49.0,10.0
19,9,-1,-1,-2,-2.0,18.0,1.0
19,10,11,12,9,443.2871053201552,31.0,9.0
19,11,-1,-1,-2,-2.0,21.0,3.0
19,12,-1,-1,-2,-2.0,10.0,6.0
19,13,-1,-1,-2,-2.0,9.0,6.0
19,14,-1,-1,-2,-2.0,16.0,0.0
19,15,16,17,8,679.2027635202755,31.0,24.0
19,16,-1,-1,-2,-2.0,12.0,2.0
19,17,18,19,5,2.5237292691710076,19.0,22.0
19,18,-1,-1,-2,-2.0,8.0,5.0
19,19,20,21,9,715.8616875097443,11.0,17.0
19,20,-1,-1,-2,-2.0,4.0,11.0
19,21,-1,-1,-2,-2.0,7.0,6.0
19,22,23,40,6,4.135934513125538,106.0,65.0
19,23,24,35,0,748.1712322678284,90.0,65.0
19,24,25,34,6,1.4019307072283378,68.0,33.0
19,25,26,33,6,0.5789740041731736,52.0,31.0
19,26,27,32,5,12.296610702898638,39.0,29.0
19,27,28,31,13,0.007138583146975521,26.0,22.0
19,28,29,30,10,11169.301634147903,15.0,16.0
19,29,-1,-1,-2,-2.0,8.0,9.0
19,30,-1,-1,-2,-2.0,7.0,7.0
19,31,-1,-1,-2,-2.0,11.0,6.0
19,32,-1,-1,-2,-2.0,13.0,7.0
19,33,-1,-1,-2,-2.0,13.0,2.0
19,34,-1,-1,-2,-2.0,16.0,2.0
19,35,36,39,7,0.9911299878690065,22.0,32.0
19,36,37,38,4,0.101807417395435,13.0,24.0
19,37,-1,-1,-2,-2.0,8.0,6.0
19,38,-1,-1,-2,-2.0,5.0,18.0
19,39,-1,-1,-2,-2.0,9.0,8.0
19,40,-1,-1,-2,-2.0,16.0,0.0
20,0,1,36,6,3.0674987216794394,271.0,107.0
20,1,2,29,0,746.0966778952147,232.0,107.0
20,2,3,24,6,0.7535140266425507,203.0,60.0
20,3,4,23,15,1.9503004597268536,149.0,55.0
20,4,5,22,0,731.5053259155272,138.0,53.0
20,5,6,19,2,0.42244971906992007,126.0,36.0
20,6,7,8,0,642.0349735445506,100.0,29.0
20,7,-1,-1,-2,-2.0,16.0,0.0
20,8,9,12,0,694.5961220658367,84.0,29.0
20,9,10,11,8,947.4010152851237,39.0,4.0
20,10,-1,-1,-2,-2.0,23.0,1.0
20,11,-1,-1,-2,-2.0,16.0,3.0
20,12,13,14,13,0.0014300286756786264,45.0,25.0
20,13,-1,-1,-2,-2.0,11.0,8.0
20,14,15,18,2,0.1862140394813425,34.0,17.0
20,15,16,17,2,0.10057734780438402,26.0,12.0
20,16,-1,-1,-2,-2.0,16.0,5.0
20,17,-1,-1,-2,-2.0,10.0,7.0
20,18,-1,-1,-2,-2.0,8.0,5.0
20,19,20,21,13,0.022331815326202233,26.0,7.0
20,20,-1,-1,-2,-2.0,13.0,5.0
20,21,-1,-1,-2,-2.0,13.0,2.0
20,22,-1,-1,-2,-2.0,12.0,17.0
20,23,-1,-1,-2,-2.0,11.0,2.0
20,24,25,26,0,636.6015404777609,54.0,5.0
20,25,-1,-1,-2,-2.0,18.0,0.0
20,26,27,28,3,0.16164885468857776,36.0,5.0
20,27,-1,-1,-2,-2.0,24.0,3.0
20,28,-1,-1,-2,-2.0,12.0,2.0
20,29,30,33,13,0.001843582567136093,29.0,47.0
20,30,31,32,2,0.020763998986282808,14.0,18.0
20,31,-1,-1,-2,-2.0,4.0,9.0
20,32,-1,-1,-2,-2.0,10.0,9.0
20,33,34,35,7,0.4986299660516111,15.0,29.0
20,34,-1,-1,-2,-2.0,7.0,21.0
20,35,-1,-1,-2,-2.0,8.0,8.0
20,36,-1,-1,-2,-2.0,39.0,0.0
21,0,1,14,0,691.8143790954791,271.0,107.0
21,1,2,13,9,1677.4841307715903,135.0,9.0
21,2,3,12,7,0.5729799934537056,120.0,6.0
21,3,4,11,8,1825.29864422013,109.0,4.0
21,4,5,8,9,447.90049732285576,82.0,4.0
21,5,6,7,10,1046.9967405530608,51.0,1.0
21,6,-1,-1,-2,-2.0,33.0,0.0
21,7,-1,-1,-2,-2.0,18.0,1.0
21,8,9,10,10,914.2956692093497,31.0,3.0
21,9,-1,-1,-2,-2.0,16.0,0.0
21,10,-1,-1,-2,-2.0,15.0,3.0
21,11,-1,-1,-2,-2.0,27.0,0.0
21,12,-1,-1,-2,-2.0,11.0,2.0
21,13,-1,-1,-2,-2.0,15.0,3.0
21,14,15,28,5,7.312594171293356,136.0,98.0
21,15,16,25,9,1088.795680184288,105.0,61.0
21,16,17,20,2,0.06518618809965879,61.0,24.0
21,17,18,19,0,713.1285572038631,29.0,6.0
21,18,-1,-1,-2,-2.0,18.0,0.0
21,19,-1,-1,-2,-2.0,11.0,6.0
21,20,21,24,0,738.1170723513314,32.0,18.0
21,21,22,23,0,717.1288695070562,24.0,11.0
21,22,-1,-1,-2,-2.0,14.0,7.0
21,23,-1,-1,-2,-2.0,10.0,4.0
21,24,-1,-1,-2,-2.0,8.0,7.0
21,25,26,27,7,0.4332687558761187,44.0,37.0
21,26,-1,-1,-2,-2.0,35.0,33.0
21,27,-1,-1,-2,-2.0,9.0,4.0
21,28,29,34,8,6197.132832645035,31.0,37.0
21,29,30,33,13,0.006198868857696323,23.0,30.0
21,30,31,32,4,4.659173305453348,11.0,26.0
21,31,-1,-1,-2,-2.0,3.0,14.0
21,32,-1,-1,-2,-2.0,8.0,12.0
21,33,-1,-1,-2,-2.0,12.0,4.0
21,34,-1,-1,-2,-2.0,8.0,7.0
22,0,1,28,0,724.729420603127,271.0,107.0
22,1,2,3,0,553.6181864312935,216.0,38.0
22,2,-1,-1,-2,-2.0,23.0,0.0
22,3,4,23,6,1.7152694164380755,193.0,38.0
22,4,5,20,6,0.10254493872753574,148.0,36.0
22,5,6,7,0,625.1090415237048,123.0,34.0
22,6,-1,-1,-2,-2.0,17.0,1.0
22,7,8,9,0,662.9779554642635,106.0,33.0
22,8,-1,-1,-2,-2.0,24.0,1.0
22,9,10,17,0,704.2342736265782,82.0,32.0
22,10,11,16,3,0.3527411764267558,58.0,14.0
22,11,12,15,4,1.5617169540197202,44.0,8.0
22,12,13,14,4,0.9881637622547167,20.0,7.0
22,13,-1,-1,-2,-2.0,10.0,4.0
22,14,-1,-1,-2,-2.0,10.0,3.0
22,15,-1,-1,-2,-2.0,24.0,1.0
22,16,-1,-1,-2,-2.0,14.0,6.0
22,17,18,19,13,0.00998859567013093,24.0,18.0
22,18,-1,-1,-2,-2.0,15.0,13.0
22,19,-1,-1,-2,-2.0,9.0,5.0
22,20,21,22,4,2.1697882200450582,25.0,2.0
22,21,-1,-1,-2,-2.0,13.0,0.0
22,22,-1,-1,-2,-2.0,12.0,2.0
22,23,24,25,0,630.7968389088273,45.0,2.0
22,24,-1,-1,-2,-2.0,13.0,0.0
22,25,26,27,8,3210.7118022519685,32.0,2.0
22,26,-1,-1,-2,-2.0,18.0,0.0
22,27,-1,-1,-2,-2.0,14.0,2.0
22,28,29,30,0,730.9034568173362,55.0,69.0
22,29,-1,-1,-2,-2.0,12.0,4.0
22,30,31,34,2,0.03420856365642623,43.0,65.0
22,31,32,33,5,4.708734945724129,13.0,15.0
22,32,-1,-1,-2,-2.0,5.0,9.0
22,33,-1,-1,-2,-2.0,8.0,6.0
22,34,35,40,12,37.75692949898398,30.0,50.0
22,35,36,39,12,22.00066796038331,17.0,42.0
22,36,37,38,0,750.4268077548718,7.0,26.0
22,37,-1,-1,-2,-2.0,3.0,14.0
22,38,-1,-1,-2,-2.0,4.0,12.0
22,39,-1,-1,-2,-2.0,10.0,16.0
22,40,-1,-1,-2,-2.0,13.0,8.0
23,0,1,6,0,648.7953478413613,271.0,107.0
23,1,2,3,2,0.34345621919428343,77.0,2.0
23,2,-1,-1,-2,-2.0,49.0,0.0
23,3,4,5,1,0.9900954179735304,28.0,2.0
23,4,-1,-1,-2,-2.0,13.0,2.0
23,5,-1,-1,-2,-2.0,15.0,0.0
23,6,7,22,0,728.070612549349,194.0,105.0
23,7,8,13,9,524.8382068261682,145.0,39.0
23,8,9,12,2,0.08289521936337829,60.0,9.0
23,9,10,11,9,192.5362601003235,30.0,3.0
23,10,-1,-1,-2,-2.0,14.0,1.0
23,11,-1,-1,-2,-2.0,16.0,2.0
23,12,-1,-1,-2,-2.0,30.0,6.0
23,13,14,21,7,0.05407290815099743,85.0,30.0
23,14,15,18,6,0.8029496561749604,70.0,27.0
23,15,16,17,2,0.22589688668435945,34.0,24.0
23,16,-1,-1,-2,-2.0,25.0,16.0
23,17,-1,-1,-2,-2.0,9.0,8.0
23,18,19,20,0,701.7228751563108,36.0,3.0
23,19,-1,-1,-2,-2.0,24.0,1.0
23,20,-1,-1,-2,-2.0,12.0,2.0
23,21,-1,-1,-2,-2.0,15.0,3.0
23,22,23,30,5,8.976609622583076,49.0,66.0
23,23,24,25,5,2.9421694115466295,40.0,44.0
23,24,-1,-1,-2,-2.0,15.0,9.0
23,25,26,29,3,0.19997289786114028,25.0,35.0
23,26,27,28,5,4.863601355284267,15.0,30.0
23,27,-1,-1,-2,-2.0,4.0,16.0
23,28,-1,-1,-2,-2.0,11.0,14.0
23,29,-1,-1,-2,-2.0,10.0,5.0
23,30,31,32,7,0.8739928588615697,9.0,22.0
23,31,-1,-1,-2,-2.0,5.0,12.0
23,32,-1,-1,-2,-2.0,4.0,10.0
24,0,1,26,0,732.8381902137018,271.0,107.0
24,1,2,19,6,0.26170226571229394,228.0,45.0
24,2,3,6,0,651.2274160185957,136.0,40.0
24,3,4,5,8,1199.8281006048564,39.0,2.0
24,4,-1,-1,-2,-2.0,23.0,0.0
24,5,-1,-1,-2,-2.0,16.0,2.0
24,6,7,8,0,676.169484892939,97.0,38.0
24,7,-1,-1,-2,-2.0,16.0,0.0
24,8,9,12,0,696.0591726266123,81.0,38.0
24,9,10,11,5,7.43421327296375,32.0,9.0
24,10,-1,-1,-2,-2.0,23.0,4.0
24,11,-1,-1,-2,-2.0,9.0,5.0
24,12,13,18,10,15100.208872137688,49.0,29.0
24,13,14,17,10,4971.754716230442,38.0,19.0
24,14,15,16,10,1609.9540736572603,23.0,12.0
24,15,-1,-1,-2,-2.0,11.0,7.0
24,16,-1,-1,-2,-2.0,12.0,5.0
24,17,-1,-1,-2,-2.0,15.0,7.0
24,18,-1,-1,-2,-2.0,11.0,10.0
24,19,20,25,8,4352.923533882445,92.0,5.0
24,20,21,24,8,2581.451301855711,75.0,2.0
24,21,22,23,4,4.191793633714222,54.0,2.0
24,22,-1,-1,-2,-2.0,39.0,0.0
24,23,-1,-1,-2,-2.0,15.0,2.0
24,24,-1,-1,-2,-2.0,21.0,0.0
24,25,-1,-1,-2,-2.0,17.0,3.0
24,26,27,34,7,0.3165360606818162,43.0,62.0
24,27,28,29,2,0.017543943600002207,32.0,48.0
24,28,-1,-1,-2,-2.0,4.0,12.0
24,29,30,31,0,747.3646702269859,28.0,36.0
24,30,-1,-1,-2,-2.0,12.0,12.0
24,31,32,33,4,0.19768898431104096,16.0,24.0
24,32,-1,-1,-2,-2.0,8.0,6.0
24,33,-1,-1,-2,-2.0,8.0,18.0
24,34,-1,-1,-2,-2.0,11.0,14.0
25,0,1,32,8,4100.266618391158,271.0,107.0
25,1,2,27,5,9.921772676483622,215.0,70.0
25,2,3,26,6,1.9603845989147128,182.0,53.0
25,3,4,9,8,391.1608667076383,144.0,53.0
25,4,5,8,2,0.17398099020340682,46.0,2.0
25,5,6,7,2,0.021799655001161995,32.0,2.0
25,6,-1,-1,-2,-2.0,18.0,1.0
25,7,-1,-1,-2,-2.0,14.0,1.0
25,8,-1,-1,-2,-2.0,14.0,0.0
25,9,10,11,0,645.4995800771283,98.0,51.0
25,10,-1,-1,-2,-2.0,19.0,1.0
25,11,12,15,0,701.2590371012963,79.0,50.0
25,12,13,14,13,0.008814811399620386,33.0,9.0
25,13,-1,-1,-2,-2.0,18.0,3.0
25,14,-1,-1,-2,-2.0,15.0,6.0
25,15,16,23,8,2167.6178599133236,46.0,41.0
25,16,17,20,8,984.6553114488047,35.0,23.0
25,17,18,19,8,630.5495455840368,19.0,8.0
25,18,-1,-1,-2,-2.0,9.0,4.0
25,19,-1,-1,-2,-2.0,10.0,4.0
25,20,21,22,8,1452.2897801340046,16.0,15.0
25,21,-1,-1,-2,-2.0,7.0,6.0
25,22,-1,-1,-2,-2.0,9.0,9.0
25,23,24,25,5,4.864245479863252,11.0,18.0
25,24,-1,-1,-2,-2.0,8.0,5.0
25,25,-1,-1,-2,-2.0,3.0,13.0
25,26,-1,-1,-2,-2.0,38.0,0.0
25,27,28,31,9,1166.5967057416483,33.0,17.0
25,28,29,30,4,9.5136740391672,25.0,10.0
25,29,-1,-1,-2,-2.0,13.0,7.0
25,30,-1,-1,-2,-2.0,12.0,3.0
25,31,-1,-1,-2,-2.0,8.0,7.0
25,32,33,40,8,9382.104472193449,56.0,37.0
25,33,34,39,10,58331.59532622974,45.0,33.0
25,34,35,38,10,19692.51830536803,37.0,26.0
25,35,36,37,4,1.8645646990577527,25.0,13.0
25,36,-1,-1,-2,-2.0,7.0,9.0
25,37,-1,-1,-2,-2.0,18.0,4.0
25,38,-1,-1,-2,-2.0,12.0,13.0
25,39,-1,-1,-2,-2.0,8.0,7.0
25,40,-1,-1,-2,-2.0,11.0,4.0
26,0,1,2,1,0.5329795240112485,271.0,107.0
26,1,-1,-1,-2,-2.0,16.0,2.0
26,2,3,12,0,679.8723089680412,255.0,105.0
26,3,4,5,5,3.980778193092336,98.0,5.0
26,4,-1,-1,-2,-2.0,34.0,0.0
26,5,6,11,6,5.515178609879305,64.0,5.0
26,6,7,10,4,5.59216358260818,51.0,5.0
26,7,8,9,1,0.9631567280176542,32.0,2.0
26,8,-1,-1,-2,-2.0,14.0,2.0
26,9,-1,-1,-2,-2.0,18.0,0.0
26,10,-1,-1,-2,-2.0,19.0,3.0
26,11,-1,-1,-2,-2.0,13.0,0.0
26,12,13,18,0,698.721684947946,157.0,100.0
26,13,14,15,9,344.93722849941685,52.0,10.0
26,14,-1,-1,-2,-2.0,18.0,1.0
26,15,16,17,10,9994.296066739735,34.0,9.0
26,16,-1,-1,-2,-2.0,22.0,4.0
26,17,-1,-1,-2,-2.0,12.0,5.0
26,18,19,22,0,710.2529845029362,105.0,90.0
26,19,20,21,2,0.12473289332213423,22.0,8.0
26,20,-1,-1,-2,-2.0,12.0,2.0
26,21,-1,-1,-2,-2.0,10.0,6.0
26,22,23,34,13,0.014546160478519024,83.0,82.0
26,23,24,25,5,2.378144574062035,67.0,78.0
26,24,-1,-1,-2,-2.0,20.0,12.0
26,25,26,33,14,1.827967756813377,47.0,66.0
26,26,27,28,8,1878.4111536528967,38.0,59.0
26,27,-1,-1,-2,-2.0,14.0,13.0
26,28,29,32,8,5306.597268147207,24.0,46.0
26,29,30,31,8,4379.115687978973,12.0,34.0
26,30,-1,-1,-2,-2.0,6.0,24.0
26,31,-1,-1,-2,-2.0,6.0,10.0
26,32,-1,-1,-2,-2.0,12.0,12.0
26,33,-1,-1,-2,-2.0,9.0,7.0
26,34,-1,-1,-2,-2.0,16.0,4.0
27,0,1,2,0,593.0743322065446,271.0,107.0
27,1,-1,-1,-2,-2.0,38.0,0.0
27,2,3,26,0,735.8748539103544,233.0,107.0
27,3,4,23,6,2.6173392993478752,193.0,50.0
27,4,5,6,0,636.1237790142762,160.0,49.0
27,5,-1,-1,-2,-2.0,20.0,1.0
27,6,7,22,0,720.9823106322356,140.0,48.0
27,7,8,13,0,682.6341213954771,118.0,30.0
27,8,9,12,6,0.44837070091086006,47.0,4.0
27,9,10,11,5,3.9129498432916354,36.0,2.0
27,10,-1,-1,-2,-2.0,16.0,0.0
27,11,-1,-1,-2,-2.0,20.0,2.0
27,12,-1,-1,-2,-2.0,11.0,2.0
27,13,14,21,6,0.512394459225421,71.0,26.0
27,14,15,18,4,2.862826115853538,57.0,25.0
27,15,16,17,2,0.0381069658536689,31.0,16.0
27,16,-1,-1,-2,-2.0,15.0,3.0
27,17,-1,-1,-2,-2.0,16.0,13.0
27,18,19,20,3,0.9934188132143668,26.0,9.0
27,19,-1,-1,-2,-2.0,16.0,3.0
27,20,-1,-1,-2,-2.0,10.0,6.0
27,21,-1,-1,-2,-2.0,14.0,1.0
27,22,-1,-1,-2,-2.0,22.0,18.0
27,23,24,25,8,2963.832577371892,33.0,1.0
27,24,-1,-1,-2,-2.0,20.0,0.0
27,25,-1,-1,-2,-2.0,13.0,1.0
27,26,27,36,2,0.14731972383274314,40.0,57.0
27,27,28,35,7,0.6308474050047097,31.0,38.0
27,28,29,30,2,0.009841029200398923,23.0,32.0
27,29,-1,-1,-2,-2.0,4.0,9.0
27,30,31,34,3,0.7499215820571042,19.0,23.0
27,31,32,33,2,0.07955014925500256,11.0,17.0
27,32,-1,-1,-2,-2.0,6.0,9.0
27,33,-1,-1,-2,-2.0,5.0,8.0
27,34,-1,-1,-2,-2.0,8.0,6.0
27,35,-1,-1,-2,-2.0,8.0,6.0
27,36,37,38,10,20237.24860720674,9.0,19.0
27,37,-1,-1,-2,-2.0,8.0,7.0
27,38,-1,-1,-2,-2.0,1.0,12.0
28,0,1,34,6,3.3197236095181313,271.0,107.0
28,1,2,21,5,6.465068816423914,232.0,107.0
28,2,3,4,0,598.3717637282665,153.0,57.0
28,3,-1,-1,-2,-2.0,19.0,0.0
28,4,5,16,0,730.074362528545,134.0,57.0
28,5,6,13,10,6966.234359036309,107.0,22.0
28,6,7,8,0,686.1271244083192,81.0,14.0
28,7,-1,-1,-2,-2.0,34.0,0.0
28,8,9,12,0,713.4568988482732,47.0,14.0
28,9,10,11,12,27.126524395833968,32.0,5.0
28,10,-1,-1,-2,-2.0,12.0,3.0
28,11,-1,-1,-2,-2.0,20.0,2.0
28,12,-1,-1,-2,-2.0,15.0,9.0
28,13,14,15,4,1.6935188889938961,26.0,8.0
28,14,-1,-1,-2,-2.0,8.0,7.0
28,15,-1,-1,-2,-2.0,18.0,1.0
28,16,17,20,9,2215.0157111106746,27.0,35.0
28,17,18,19,8,1793.3482469871399,14.0,23.0
28,18,-1,-1,-2,-2.0,9.0,7.0
28,19,-1,-1,-2,-2.0,5.0,16.0
28,20,-1,-1,-2,-2.0,13.0,12.0
28,21,22,27,0,702.2331838185122,79.0,50.0
28,22,23,26,3,0.24919601168911718,52.0,11.0
28,23,24,25,5,9.578638804880269,33.0,5.0
28,24,-1,-1,-2,-2.0,16.0,1.0
28,25,-1,-1,-2,-2.0,17.0,4.0
28,26,-1,-1,-2,-2.0,19.0,6.0
28,27,28,31,5,10.278824443593074,27.0,39.0
28,28,29,30,5,7.304622705236367,16.0,19.0
28,29,-1,-1,-2,-2.0,9.0,5.0
28,30,-1,-1,-2,-2.0,7.0,14.0
28,31,32,33,5,14.079876740965934,11.0,20.0
28,32,-1,-1,-2,-2.0,5.0,10.0
28,33,-1,-1,-2,-2.0,6.0,10.0
28,34,-1,-1,-2,-2.0,39.0,0.0
