-- MySQL dump 10.13  Distrib 5.5.59, for debian-linux-gnu (x86_64)
--
-- Host: localhost    Database: abdb2
-- ------------------------------------------------------
-- Server version	5.5.59-0ubuntu0.14.04.1

/*!40101 SET @OLD_CHARACTER_SET_CLIENT=@@CHARACTER_SET_CLIENT */;
/*!40101 SET @OLD_CHARACTER_SET_RESULTS=@@CHARACTER_SET_RESULTS */;
/*!40101 SET @OLD_COLLATION_CONNECTION=@@COLLATION_CONNECTION */;
/*!40101 SET NAMES utf8 */;
/*!40103 SET @OLD_TIME_ZONE=@@TIME_ZONE */;
/*!40103 SET TIME_ZONE='+00:00' */;
/*!40014 SET @OLD_UNIQUE_CHECKS=@@UNIQUE_CHECKS, UNIQUE_CHECKS=0 */;
/*!40014 SET @OLD_FOREIGN_KEY_CHECKS=@@FOREIGN_KEY_CHECKS, FOREIGN_KEY_CHECKS=0 */;
/*!40101 SET @OLD_SQL_MODE=@@SQL_MODE, SQL_MODE='NO_AUTO_VALUE_ON_ZERO' */;
/*!40111 SET @OLD_SQL_NOTES=@@SQL_NOTES, SQL_NOTES=0 */;

--
-- Table structure for table `admin`
--

DROP TABLE IF EXISTS `admin`;
/*!40101 SET @saved_cs_client     = @@character_set_client */;
/*!40101 SET character_set_client = utf8 */;
CREATE TABLE `admin` (
  `id` int(8) NOT NULL AUTO_INCREMENT,
  `name` varchar(32) NOT NULL,
  `is_del` tinyint(1) NOT NULL DEFAULT '0',
  PRIMARY KEY (`id`),
  UNIQUE KEY `uq_name` (`name`)
) ENGINE=InnoDB AUTO_INCREMENT=3 DEFAULT CHARSET=utf8;
/*!40101 SET character_set_client = @saved_cs_client */;

--
-- Dumping data for table `admin`
--

LOCK TABLES `admin` WRITE;
/*!40000 ALTER TABLE `admin` DISABLE KEYS */;
INSERT INTO `admin` VALUES (1,'joe',0),(2,'blow',0);
/*!40000 ALTER TABLE `admin` ENABLE KEYS */;
UNLOCK TABLES;

--
-- Table structure for table `api`
--

DROP TABLE IF EXISTS `api`;
/*!40101 SET @saved_cs_client     = @@character_set_client */;
/*!40101 SET character_set_client = utf8 */;
CREATE TABLE `api` (
  `id` int(8) NOT NULL AUTO_INCREMENT,
  `name` varchar(32) NOT NULL,
  `description` varchar(128) NOT NULL,
  `is_del` tinyint(1) NOT NULL DEFAULT '0',
  PRIMARY KEY (`id`),
  UNIQUE KEY `uq_name` (`name`)
) ENGINE=InnoDB AUTO_INCREMENT=7 DEFAULT CHARSET=utf8;
/*!40101 SET character_set_client = @saved_cs_client */;

--
-- Dumping data for table `api`
--

LOCK TABLES `api` WRITE;
/*!40000 ALTER TABLE `api` DISABLE KEYS */;
INSERT INTO `api` VALUES (1,'insert_test_edit_test_basic','Create a test or edit basic information about test',0),(2,'set_state','Change state of test',0),(3,'additional_variant_info','Add/Edit Description and/or Custom Data to Variant',0),(4,'set_percentage','Change percentages of variants',0),(5,'set_device_specific_variant','Device Specific Routing',0),(6,'set_follow_on','Set Follow On',0);
/*!40000 ALTER TABLE `api` ENABLE KEYS */;
UNLOCK TABLES;

--
-- Table structure for table `attr`
--

DROP TABLE IF EXISTS `attr`;
/*!40101 SET @saved_cs_client     = @@character_set_client */;
/*!40101 SET character_set_client = utf8 */;
CREATE TABLE `attr` (
  `id` int(8) NOT NULL AUTO_INCREMENT,
  `name` varchar(16) NOT NULL,
  `description` varchar(128) DEFAULT NULL,
  `attr_type_id` int(8) NOT NULL,
  `is_del` tinyint(1) NOT NULL DEFAULT '0',
  PRIMARY KEY (`id`),
  UNIQUE KEY `uq_name` (`name`),
  KEY `fk_attr_type_id` (`attr_type_id`),
  CONSTRAINT `fk_attr_type_id` FOREIGN KEY (`attr_type_id`) REFERENCES `attr_type` (`id`)
) ENGINE=InnoDB AUTO_INCREMENT=4 DEFAULT CHARSET=utf8;
/*!40101 SET character_set_client = @saved_cs_client */;

--
-- Dumping data for table `attr`
--

LOCK TABLES `attr` WRITE;
/*!40000 ALTER TABLE `attr` DISABLE KEYS */;
INSERT INTO `attr` VALUES (1,'device','device',1,0),(2,'is_paid','is_paid',2,0),(3,'fscore','F Score',3,0);
/*!40000 ALTER TABLE `attr` ENABLE KEYS */;
UNLOCK TABLES;

--
-- Table structure for table `attr_type`
--

DROP TABLE IF EXISTS `attr_type`;
/*!40101 SET @saved_cs_client     = @@character_set_client */;
/*!40101 SET character_set_client = utf8 */;
CREATE TABLE `attr_type` (
  `id` int(8) NOT NULL AUTO_INCREMENT,
  `name` varchar(32) NOT NULL,
  `is_del` tinyint(1) NOT NULL DEFAULT '0',
  PRIMARY KEY (`id`),
  UNIQUE KEY `uq_name` (`name`)
) ENGINE=InnoDB AUTO_INCREMENT=4 DEFAULT CHARSET=utf8;
/*!40101 SET character_set_client = @saved_cs_client */;

--
-- Dumping data for table `attr_type`
--

LOCK TABLES `attr_type` WRITE;
/*!40000 ALTER TABLE `attr_type` DISABLE KEYS */;
INSERT INTO `attr_type` VALUES (1,'categorical',0),(2,'boolean',0),(3,'numeric',0);
/*!40000 ALTER TABLE `attr_type` ENABLE KEYS */;
UNLOCK TABLES;

--
-- Table structure for table `bin_type`
--

DROP TABLE IF EXISTS `bin_type`;
/*!40101 SET @saved_cs_client     = @@character_set_client */;
/*!40101 SET character_set_client = utf8 */;
CREATE TABLE `bin_type` (
  `id` int(8) NOT NULL AUTO_INCREMENT,
  `name` varchar(64) NOT NULL,
  `is_del` tinyint(1) NOT NULL DEFAULT '0',
  PRIMARY KEY (`id`),
  UNIQUE KEY `uq_name` (`name`)
) ENGINE=InnoDB AUTO_INCREMENT=6 DEFAULT CHARSET=utf8;
/*!40101 SET character_set_client = @saved_cs_client */;

--
-- Dumping data for table `bin_type`
--

LOCK TABLES `bin_type` WRITE;
/*!40000 ALTER TABLE `bin_type` DISABLE KEYS */;
INSERT INTO `bin_type` VALUES (1,'anonymous',0),(2,'free_for_all',0),(3,'memory_c_to_v_ok',0),(4,'memory_no_changes',0),(5,'c_to_v_ok_v_to_c_ok_v_to_v_not_ok',0);
/*!40000 ALTER TABLE `bin_type` ENABLE KEYS */;
UNLOCK TABLES;

--
-- Table structure for table `bool_attr_test`
--

DROP TABLE IF EXISTS `bool_attr_test`;
/*!40101 SET @saved_cs_client     = @@character_set_client */;
/*!40101 SET character_set_client = utf8 */;
CREATE TABLE `bool_attr_test` (
  `id` int(8) NOT NULL AUTO_INCREMENT,
  `api_id` int(8) NOT NULL,
  `request_webapp_id` int(8) NOT NULL,
  `attr_id` int(8) NOT NULL,
  `test_id` int(8) NOT NULL,
  `val` tinyint(1) NOT NULL,
  `is_on` tinyint(1) NOT NULL DEFAULT '0',
  PRIMARY KEY (`id`),
  UNIQUE KEY `b_uq_test_id` (`test_id`,`attr_id`),
  KEY `fk_b_api_id` (`api_id`),
  KEY `fk_b_rq_web_id` (`request_webapp_id`),
  KEY `fk_b_attr_id` (`attr_id`),
  CONSTRAINT `fk_b_api_id` FOREIGN KEY (`api_id`) REFERENCES `api` (`id`),
  CONSTRAINT `fk_b_rq_web_id` FOREIGN KEY (`request_webapp_id`) REFERENCES `request_webapp` (`id`),
  CONSTRAINT `fk_b_test_id` FOREIGN KEY (`test_id`) REFERENCES `test` (`id`),
  CONSTRAINT `fk_b_attr_id` FOREIGN KEY (`attr_id`) REFERENCES `attr` (`id`)
) ENGINE=InnoDB AUTO_INCREMENT=11 DEFAULT CHARSET=utf8;
/*!40101 SET character_set_client = @saved_cs_client */;

--
-- Dumping data for table `bool_attr_test`
--

LOCK TABLES `bool_attr_test` WRITE;
/*!40000 ALTER TABLE `bool_attr_test` DISABLE KEYS */;
INSERT INTO `bool_attr_test` VALUES (1,1,1,2,1,0,0),(2,1,4,2,2,0,0),(3,1,9,2,3,0,0),(4,1,12,2,4,0,0),(5,1,17,2,5,0,0),(6,1,20,2,6,0,0),(7,1,25,2,7,0,0),(8,1,28,2,8,0,0),(9,1,33,2,9,0,0),(10,1,36,2,10,0,0);
/*!40000 ALTER TABLE `bool_attr_test` ENABLE KEYS */;
UNLOCK TABLES;
/*!50003 SET @saved_cs_client      = @@character_set_client */ ;
/*!50003 SET @saved_cs_results     = @@character_set_results */ ;
/*!50003 SET @saved_col_connection = @@collation_connection */ ;
/*!50003 SET character_set_client  = utf8 */ ;
/*!50003 SET character_set_results = utf8 */ ;
/*!50003 SET collation_connection  = utf8_general_ci */ ;
/*!50003 SET @saved_sql_mode       = @@sql_mode */ ;
/*!50003 SET sql_mode              = '' */ ;
DELIMITER ;;
/*!50003 CREATE*/ /*!50017 DEFINER=`root`@`localhost`*/ /*!50003 TRIGGER bool_attr_test_insert_trigger
	BEFORE INSERT ON bool_attr_test
	FOR EACH ROW
	BEGIN
		INSERT INTO log_bool_attr_test (modification_type, id, api_id, request_webapp_id, attr_id, test_id, val, is_on) VALUES("INSERT", NEW.id, NEW.api_id, NEW.request_webapp_id, NEW.attr_id, NEW.test_id, NEW.val, NEW.is_on);
	END */;;
DELIMITER ;
/*!50003 SET sql_mode              = @saved_sql_mode */ ;
/*!50003 SET character_set_client  = @saved_cs_client */ ;
/*!50003 SET character_set_results = @saved_cs_results */ ;
/*!50003 SET collation_connection  = @saved_col_connection */ ;
/*!50003 SET @saved_cs_client      = @@character_set_client */ ;
/*!50003 SET @saved_cs_results     = @@character_set_results */ ;
/*!50003 SET @saved_col_connection = @@collation_connection */ ;
/*!50003 SET character_set_client  = utf8 */ ;
/*!50003 SET character_set_results = utf8 */ ;
/*!50003 SET collation_connection  = utf8_general_ci */ ;
/*!50003 SET @saved_sql_mode       = @@sql_mode */ ;
/*!50003 SET sql_mode              = '' */ ;
DELIMITER ;;
/*!50003 CREATE*/ /*!50017 DEFINER=`root`@`localhost`*/ /*!50003 TRIGGER bool_attr_test_update_trigger
	BEFORE UPDATE ON bool_attr_test
	FOR EACH ROW
	BEGIN
		INSERT INTO log_bool_attr_test (modification_type, id, api_id, request_webapp_id, attr_id, test_id, val, is_on) VALUES("UPDATE", NEW.id, NEW.api_id, NEW.request_webapp_id, NEW.attr_id, NEW.test_id, NEW.val, NEW.is_on);
	END */;;
DELIMITER ;
/*!50003 SET sql_mode              = @saved_sql_mode */ ;
/*!50003 SET character_set_client  = @saved_cs_client */ ;
/*!50003 SET character_set_results = @saved_cs_results */ ;
/*!50003 SET collation_connection  = @saved_col_connection */ ;

--
-- Table structure for table `cat_attr_val`
--

DROP TABLE IF EXISTS `cat_attr_val`;
/*!40101 SET @saved_cs_client     = @@character_set_client */;
/*!40101 SET character_set_client = utf8 */;
CREATE TABLE `cat_attr_val` (
  `id` int(8) NOT NULL AUTO_INCREMENT,
  `name` varchar(16) NOT NULL,
  `attr_id` int(8) NOT NULL,
  `description` varchar(128) DEFAULT NULL,
  `is_del` tinyint(1) NOT NULL DEFAULT '0',
  PRIMARY KEY (`id`),
  UNIQUE KEY `uq_name_cat_attr_id` (`name`,`attr_id`),
  KEY `fk_attr_id` (`attr_id`),
  CONSTRAINT `fk_attr_id` FOREIGN KEY (`attr_id`) REFERENCES `attr` (`id`)
) ENGINE=InnoDB AUTO_INCREMENT=4 DEFAULT CHARSET=utf8;
/*!40101 SET character_set_client = @saved_cs_client */;

--
-- Dumping data for table `cat_attr_val`
--

LOCK TABLES `cat_attr_val` WRITE;
/*!40000 ALTER TABLE `cat_attr_val` DISABLE KEYS */;
INSERT INTO `cat_attr_val` VALUES (1,'pc',1,'Device PC',0),(2,'tablet',1,'Device tablet',0),(3,'mobile',1,'Device mobile',0);
/*!40000 ALTER TABLE `cat_attr_val` ENABLE KEYS */;
UNLOCK TABLES;

--
-- Table structure for table `cat_attr_val_test`
--

DROP TABLE IF EXISTS `cat_attr_val_test`;
/*!40101 SET @saved_cs_client     = @@character_set_client */;
/*!40101 SET character_set_client = utf8 */;
CREATE TABLE `cat_attr_val_test` (
  `id` int(8) NOT NULL AUTO_INCREMENT,
  `api_id` int(8) NOT NULL,
  `request_webapp_id` int(8) NOT NULL,
  `test_id` int(8) NOT NULL,
  `attr_id` int(8) NOT NULL,
  `cat_attr_val_id` int(8) NOT NULL,
  `is_on` tinyint(1) NOT NULL DEFAULT '0',
  PRIMARY KEY (`id`),
  UNIQUE KEY `uq_test_id_cat_attr_val_id` (`test_id`,`cat_attr_val_id`),
  KEY `fk_cavt_attr_id` (`attr_id`),
  KEY `fk_cavt_cat_attr_val_id` (`cat_attr_val_id`),
  KEY `fk_c_api_id` (`api_id`),
  KEY `fk_c_rq_web_id` (`request_webapp_id`),
  CONSTRAINT `fk_cavt_attr_id` FOREIGN KEY (`attr_id`) REFERENCES `attr` (`id`),
  CONSTRAINT `fk_cavt_test_id` FOREIGN KEY (`test_id`) REFERENCES `test` (`id`),
  CONSTRAINT `fk_cavt_cat_attr_val_id` FOREIGN KEY (`cat_attr_val_id`) REFERENCES `cat_attr_val` (`id`),
  CONSTRAINT `fk_c_api_id` FOREIGN KEY (`api_id`) REFERENCES `api` (`id`),
  CONSTRAINT `fk_c_rq_web_id` FOREIGN KEY (`request_webapp_id`) REFERENCES `request_webapp` (`id`)
) ENGINE=InnoDB AUTO_INCREMENT=31 DEFAULT CHARSET=utf8;
/*!40101 SET character_set_client = @saved_cs_client */;

--
-- Dumping data for table `cat_attr_val_test`
--

LOCK TABLES `cat_attr_val_test` WRITE;
/*!40000 ALTER TABLE `cat_attr_val_test` DISABLE KEYS */;
INSERT INTO `cat_attr_val_test` VALUES (1,1,1,1,1,1,0),(2,1,1,1,1,2,0),(3,1,1,1,1,3,0),(4,1,4,2,1,1,0),(5,1,4,2,1,2,0),(6,1,4,2,1,3,0),(7,1,9,3,1,1,0),(8,1,9,3,1,2,0),(9,1,9,3,1,3,0),(10,1,12,4,1,1,0),(11,1,12,4,1,2,0),(12,1,12,4,1,3,0),(13,1,17,5,1,1,0),(14,1,17,5,1,2,0),(15,1,17,5,1,3,0),(16,1,20,6,1,1,0),(17,1,20,6,1,2,0),(18,1,20,6,1,3,0),(19,1,25,7,1,1,0),(20,1,25,7,1,2,0),(21,1,25,7,1,3,0),(22,1,28,8,1,1,0),(23,1,28,8,1,2,0),(24,1,28,8,1,3,0),(25,1,33,9,1,1,0),(26,1,33,9,1,2,0),(27,1,33,9,1,3,0),(28,1,36,10,1,1,0),(29,1,36,10,1,2,0),(30,1,36,10,1,3,0);
/*!40000 ALTER TABLE `cat_attr_val_test` ENABLE KEYS */;
UNLOCK TABLES;
/*!50003 SET @saved_cs_client      = @@character_set_client */ ;
/*!50003 SET @saved_cs_results     = @@character_set_results */ ;
/*!50003 SET @saved_col_connection = @@collation_connection */ ;
/*!50003 SET character_set_client  = utf8 */ ;
/*!50003 SET character_set_results = utf8 */ ;
/*!50003 SET collation_connection  = utf8_general_ci */ ;
/*!50003 SET @saved_sql_mode       = @@sql_mode */ ;
/*!50003 SET sql_mode              = '' */ ;
DELIMITER ;;
/*!50003 CREATE*/ /*!50017 DEFINER=`root`@`localhost`*/ /*!50003 TRIGGER cat_attr_val_test_insert_trigger
	BEFORE INSERT ON cat_attr_val_test
	FOR EACH ROW
	BEGIN
		INSERT INTO log_cat_attr_val_test (modification_type, id, api_id, request_webapp_id, test_id, attr_id, cat_attr_val_id, is_on) VALUES("INSERT", NEW.id, NEW.api_id, NEW.request_webapp_id, NEW.test_id, NEW.attr_id, NEW.cat_attr_val_id, NEW.is_on);
	END */;;
DELIMITER ;
/*!50003 SET sql_mode              = @saved_sql_mode */ ;
/*!50003 SET character_set_client  = @saved_cs_client */ ;
/*!50003 SET character_set_results = @saved_cs_results */ ;
/*!50003 SET collation_connection  = @saved_col_connection */ ;
/*!50003 SET @saved_cs_client      = @@character_set_client */ ;
/*!50003 SET @saved_cs_results     = @@character_set_results */ ;
/*!50003 SET @saved_col_connection = @@collation_connection */ ;
/*!50003 SET character_set_client  = utf8 */ ;
/*!50003 SET character_set_results = utf8 */ ;
/*!50003 SET collation_connection  = utf8_general_ci */ ;
/*!50003 SET @saved_sql_mode       = @@sql_mode */ ;
/*!50003 SET sql_mode              = '' */ ;
DELIMITER ;;
/*!50003 CREATE*/ /*!50017 DEFINER=`root`@`localhost`*/ /*!50003 TRIGGER cat_attr_val_test_update_trigger
	BEFORE UPDATE ON cat_attr_val_test
	FOR EACH ROW
	BEGIN
		INSERT INTO log_cat_attr_val_test (modification_type, id, api_id, request_webapp_id, test_id, attr_id, cat_attr_val_id, is_on) VALUES("UPDATE", NEW.id, NEW.api_id, NEW.request_webapp_id, NEW.test_id, NEW.attr_id, NEW.cat_attr_val_id, NEW.is_on);
	END */;;
DELIMITER ;
/*!50003 SET sql_mode              = @saved_sql_mode */ ;
/*!50003 SET character_set_client  = @saved_cs_client */ ;
/*!50003 SET character_set_results = @saved_cs_results */ ;
/*!50003 SET collation_connection  = @saved_col_connection */ ;

--
-- Table structure for table `channel`
--

DROP TABLE IF EXISTS `channel`;
/*!40101 SET @saved_cs_client     = @@character_set_client */;
/*!40101 SET character_set_client = utf8 */;
CREATE TABLE `channel` (
  `id` int(8) NOT NULL AUTO_INCREMENT,
  `name` varchar(16) NOT NULL,
  `is_del` tinyint(1) NOT NULL DEFAULT '0',
  PRIMARY KEY (`id`),
  UNIQUE KEY `uq_name` (`name`)
) ENGINE=InnoDB AUTO_INCREMENT=17 DEFAULT CHARSET=utf8;
/*!40101 SET character_set_client = @saved_cs_client */;

--
-- Dumping data for table `channel`
--

LOCK TABLES `channel` WRITE;
/*!40000 ALTER TABLE `channel` DISABLE KEYS */;
INSERT INTO `channel` VALUES (1,'aol',0),(2,'bing',0),(3,'cnn',0),(4,'dianomi',0),(5,'facebook',0),(6,'google',0),(7,'instagram',0),(8,'outbrain',0),(9,'pandora',0),(10,'pinterest',0),(11,'pocket',0),(12,'taboola',0),(13,'twitter',0),(14,'weather_channel',0),(15,'yahoo',0),(16,'youtube',0);
/*!40000 ALTER TABLE `channel` ENABLE KEYS */;
UNLOCK TABLES;

--
-- Table structure for table `config`
--

DROP TABLE IF EXISTS `config`;
/*!40101 SET @saved_cs_client     = @@character_set_client */;
/*!40101 SET character_set_client = utf8 */;
CREATE TABLE `config` (
  `id` int(8) NOT NULL AUTO_INCREMENT,
  `name` varchar(32) NOT NULL,
  `value` varchar(128) NOT NULL,
  `is_del` tinyint(1) NOT NULL DEFAULT '0',
  PRIMARY KEY (`id`),
  UNIQUE KEY `uq_config` (`name`)
) ENGINE=InnoDB AUTO_INCREMENT=19 DEFAULT CHARSET=utf8;
/*!40101 SET character_set_client = @saved_cs_client */;

--
-- Dumping data for table `config`
--

LOCK TABLES `config` WRITE;
/*!40000 ALTER TABLE `config` DISABLE KEYS */;
INSERT INTO `config` VALUES (1,'default_landing_page','www.nerdwallet.com',0),(2,'check_url_reachable','false',0),(3,'num_retries','10',0),(4,'max_len_admin_name','31',0),(5,'max_len_channel_name','15',0),(6,'max_len_cat_attr','15',0),(7,'max_len_cat_attr_val','15',0),(8,'max_len_regex','1023',0),(9,'max_num_devices','8',0),(10,'max_num_tests','1024',0),(11,'min_num_variants','2',0),(12,'max_num_variants','8',0),(13,'max_len_custom_data','2047',0),(14,'max_len_test_name','127',0),(15,'max_len_test_dscr','255',0),(16,'max_len_variant_name','31',0),(17,'max_len_variant_dscr','255',0),(18,'max_len_url','255',0);
/*!40000 ALTER TABLE `config` ENABLE KEYS */;
UNLOCK TABLES;

--
-- Table structure for table `device`
--

DROP TABLE IF EXISTS `device`;
/*!40101 SET @saved_cs_client     = @@character_set_client */;
/*!40101 SET character_set_client = utf8 */;
CREATE TABLE `device` (
  `id` int(8) NOT NULL AUTO_INCREMENT,
  `name` varchar(16) NOT NULL,
  `description` varchar(127) DEFAULT NULL,
  `is_del` tinyint(1) NOT NULL DEFAULT '0',
  PRIMARY KEY (`id`),
  UNIQUE KEY `uq_dev_name` (`name`)
) ENGINE=InnoDB AUTO_INCREMENT=7 DEFAULT CHARSET=utf8;
/*!40101 SET character_set_client = @saved_cs_client */;

--
-- Dumping data for table `device`
--

LOCK TABLES `device` WRITE;
/*!40000 ALTER TABLE `device` DISABLE KEYS */;
INSERT INTO `device` VALUES (1,'Desktop','',0),(2,'Mobile_iOS','',0),(3,'Mobile_Android','',0),(4,'Tablet_iOS','',0),(5,'Tablet_Android','',0),(6,'Other','',0);
/*!40000 ALTER TABLE `device` ENABLE KEYS */;
UNLOCK TABLES;

--
-- Table structure for table `device_x_variant`
--

DROP TABLE IF EXISTS `device_x_variant`;
/*!40101 SET @saved_cs_client     = @@character_set_client */;
/*!40101 SET character_set_client = utf8 */;
CREATE TABLE `device_x_variant` (
  `id` int(8) NOT NULL AUTO_INCREMENT,
  `api_id` int(8) NOT NULL,
  `request_webapp_id` int(8) NOT NULL,
  `device_id` int(8) NOT NULL,
  `variant_id` int(8) NOT NULL,
  `test_id` int(8) NOT NULL,
  `percentage` int(8) NOT NULL,
  PRIMARY KEY (`id`),
  KEY `dxv_fk_dev_id` (`device_id`),
  KEY `fk_d_api_id` (`api_id`),
  KEY `fk_d_variant_id` (`variant_id`),
  KEY `fk_d_test_id` (`test_id`),
  KEY `fk_d_rq_web_id` (`request_webapp_id`),
  CONSTRAINT `dxv_fk_dev_id` FOREIGN KEY (`device_id`) REFERENCES `device` (`id`),
  CONSTRAINT `dxv_fk_var_id` FOREIGN KEY (`variant_id`) REFERENCES `variant` (`id`),
  CONSTRAINT `fk_d_api_id` FOREIGN KEY (`api_id`) REFERENCES `api` (`id`),
  CONSTRAINT `fk_d_variant_id` FOREIGN KEY (`variant_id`) REFERENCES `variant` (`id`),
  CONSTRAINT `fk_d_test_id` FOREIGN KEY (`test_id`) REFERENCES `test` (`id`),
  CONSTRAINT `fk_d_rq_web_id` FOREIGN KEY (`request_webapp_id`) REFERENCES `request_webapp` (`id`)
) ENGINE=InnoDB AUTO_INCREMENT=181 DEFAULT CHARSET=utf8;
/*!40101 SET character_set_client = @saved_cs_client */;

--
-- Dumping data for table `device_x_variant`
--

LOCK TABLES `device_x_variant` WRITE;
/*!40000 ALTER TABLE `device_x_variant` DISABLE KEYS */;
INSERT INTO `device_x_variant` VALUES (1,1,1,1,1,1,50),(2,1,1,1,2,1,30),(3,1,1,1,3,1,20),(4,1,1,2,1,1,50),(5,1,1,2,2,1,30),(6,1,1,2,3,1,20),(7,1,1,3,1,1,50),(8,1,1,3,2,1,30),(9,1,1,3,3,1,20),(10,1,1,4,1,1,50),(11,1,1,4,2,1,30),(12,1,1,4,3,1,20),(13,1,1,5,1,1,50),(14,1,1,5,2,1,30),(15,1,1,5,3,1,20),(16,1,1,6,1,1,50),(17,1,1,6,2,1,30),(18,1,1,6,3,1,20),(19,1,4,1,4,2,50),(20,1,4,1,5,2,30),(21,1,4,1,6,2,20),(22,1,4,2,4,2,50),(23,1,4,2,5,2,30),(24,1,4,2,6,2,20),(25,1,4,3,4,2,50),(26,1,4,3,5,2,30),(27,1,4,3,6,2,20),(28,1,4,4,4,2,50),(29,1,4,4,5,2,30),(30,1,4,4,6,2,20),(31,1,4,5,4,2,50),(32,1,4,5,5,2,30),(33,1,4,5,6,2,20),(34,1,4,6,4,2,50),(35,1,4,6,5,2,30),(36,1,4,6,6,2,20),(37,1,9,1,7,3,50),(38,1,9,1,8,3,30),(39,1,9,1,9,3,20),(40,1,9,2,7,3,50),(41,1,9,2,8,3,30),(42,1,9,2,9,3,20),(43,1,9,3,7,3,50),(44,1,9,3,8,3,30),(45,1,9,3,9,3,20),(46,1,9,4,7,3,50),(47,1,9,4,8,3,30),(48,1,9,4,9,3,20),(49,1,9,5,7,3,50),(50,1,9,5,8,3,30),(51,1,9,5,9,3,20),(52,1,9,6,7,3,50),(53,1,9,6,8,3,30),(54,1,9,6,9,3,20),(55,1,12,1,10,4,50),(56,1,12,1,11,4,30),(57,1,12,1,12,4,20),(58,1,12,2,10,4,50),(59,1,12,2,11,4,30),(60,1,12,2,12,4,20),(61,1,12,3,10,4,50),(62,1,12,3,11,4,30),(63,1,12,3,12,4,20),(64,1,12,4,10,4,50),(65,1,12,4,11,4,30),(66,1,12,4,12,4,20),(67,1,12,5,10,4,50),(68,1,12,5,11,4,30),(69,1,12,5,12,4,20),(70,1,12,6,10,4,50),(71,1,12,6,11,4,30),(72,1,12,6,12,4,20),(73,1,17,1,13,5,50),(74,1,17,1,14,5,30),(75,1,17,1,15,5,20),(76,1,17,2,13,5,50),(77,1,17,2,14,5,30),(78,1,17,2,15,5,20),(79,1,17,3,13,5,50),(80,1,17,3,14,5,30),(81,1,17,3,15,5,20),(82,1,17,4,13,5,50),(83,1,17,4,14,5,30),(84,1,17,4,15,5,20),(85,1,17,5,13,5,50),(86,1,17,5,14,5,30),(87,1,17,5,15,5,20),(88,1,17,6,13,5,50),(89,1,17,6,14,5,30),(90,1,17,6,15,5,20),(91,1,20,1,16,6,50),(92,1,20,1,17,6,30),(93,1,20,1,18,6,20),(94,1,20,2,16,6,50),(95,1,20,2,17,6,30),(96,1,20,2,18,6,20),(97,1,20,3,16,6,50),(98,1,20,3,17,6,30),(99,1,20,3,18,6,20),(100,1,20,4,16,6,50),(101,1,20,4,17,6,30),(102,1,20,4,18,6,20),(103,1,20,5,16,6,50),(104,1,20,5,17,6,30),(105,1,20,5,18,6,20),(106,1,20,6,16,6,50),(107,1,20,6,17,6,30),(108,1,20,6,18,6,20),(109,1,25,1,19,7,50),(110,1,25,1,20,7,30),(111,1,25,1,21,7,20),(112,1,25,2,19,7,50),(113,1,25,2,20,7,30),(114,1,25,2,21,7,20),(115,1,25,3,19,7,50),(116,1,25,3,20,7,30),(117,1,25,3,21,7,20),(118,1,25,4,19,7,50),(119,1,25,4,20,7,30),(120,1,25,4,21,7,20),(121,1,25,5,19,7,50),(122,1,25,5,20,7,30),(123,1,25,5,21,7,20),(124,1,25,6,19,7,50),(125,1,25,6,20,7,30),(126,1,25,6,21,7,20),(127,1,28,1,22,8,50),(128,1,28,1,23,8,30),(129,1,28,1,24,8,20),(130,1,28,2,22,8,50),(131,1,28,2,23,8,30),(132,1,28,2,24,8,20),(133,1,28,3,22,8,50),(134,1,28,3,23,8,30),(135,1,28,3,24,8,20),(136,1,28,4,22,8,50),(137,1,28,4,23,8,30),(138,1,28,4,24,8,20),(139,1,28,5,22,8,50),(140,1,28,5,23,8,30),(141,1,28,5,24,8,20),(142,1,28,6,22,8,50),(143,1,28,6,23,8,30),(144,1,28,6,24,8,20),(145,1,33,1,25,9,50),(146,1,33,1,26,9,30),(147,1,33,1,27,9,20),(148,1,33,2,25,9,50),(149,1,33,2,26,9,30),(150,1,33,2,27,9,20),(151,1,33,3,25,9,50),(152,1,33,3,26,9,30),(153,1,33,3,27,9,20),(154,1,33,4,25,9,50),(155,1,33,4,26,9,30),(156,1,33,4,27,9,20),(157,1,33,5,25,9,50),(158,1,33,5,26,9,30),(159,1,33,5,27,9,20),(160,1,33,6,25,9,50),(161,1,33,6,26,9,30),(162,1,33,6,27,9,20),(163,1,36,1,28,10,50),(164,1,36,1,29,10,30),(165,1,36,1,30,10,20),(166,1,36,2,28,10,50),(167,1,36,2,29,10,30),(168,1,36,2,30,10,20),(169,1,36,3,28,10,50),(170,1,36,3,29,10,30),(171,1,36,3,30,10,20),(172,1,36,4,28,10,50),(173,1,36,4,29,10,30),(174,1,36,4,30,10,20),(175,1,36,5,28,10,50),(176,1,36,5,29,10,30),(177,1,36,5,30,10,20),(178,1,36,6,28,10,50),(179,1,36,6,29,10,30),(180,1,36,6,30,10,20);
/*!40000 ALTER TABLE `device_x_variant` ENABLE KEYS */;
UNLOCK TABLES;
/*!50003 SET @saved_cs_client      = @@character_set_client */ ;
/*!50003 SET @saved_cs_results     = @@character_set_results */ ;
/*!50003 SET @saved_col_connection = @@collation_connection */ ;
/*!50003 SET character_set_client  = utf8 */ ;
/*!50003 SET character_set_results = utf8 */ ;
/*!50003 SET collation_connection  = utf8_general_ci */ ;
/*!50003 SET @saved_sql_mode       = @@sql_mode */ ;
/*!50003 SET sql_mode              = '' */ ;
DELIMITER ;;
/*!50003 CREATE*/ /*!50017 DEFINER=`root`@`localhost`*/ /*!50003 TRIGGER device_x_variant_insert_trigger
	BEFORE INSERT ON device_x_variant
	FOR EACH ROW
	BEGIN
		INSERT INTO log_device_x_variant (modification_type, id, api_id, request_webapp_id, device_id, variant_id, test_id, percentage) VALUES("INSERT", NEW.id, NEW.api_id, NEW.request_webapp_id, NEW.device_id, NEW.variant_id, NEW.test_id, NEW.percentage);
	END */;;
DELIMITER ;
/*!50003 SET sql_mode              = @saved_sql_mode */ ;
/*!50003 SET character_set_client  = @saved_cs_client */ ;
/*!50003 SET character_set_results = @saved_cs_results */ ;
/*!50003 SET collation_connection  = @saved_col_connection */ ;
/*!50003 SET @saved_cs_client      = @@character_set_client */ ;
/*!50003 SET @saved_cs_results     = @@character_set_results */ ;
/*!50003 SET @saved_col_connection = @@collation_connection */ ;
/*!50003 SET character_set_client  = utf8 */ ;
/*!50003 SET character_set_results = utf8 */ ;
/*!50003 SET collation_connection  = utf8_general_ci */ ;
/*!50003 SET @saved_sql_mode       = @@sql_mode */ ;
/*!50003 SET sql_mode              = '' */ ;
DELIMITER ;;
/*!50003 CREATE*/ /*!50017 DEFINER=`root`@`localhost`*/ /*!50003 TRIGGER device_x_variant_update_trigger
	BEFORE UPDATE ON device_x_variant
	FOR EACH ROW
	BEGIN
		INSERT INTO log_device_x_variant (modification_type, id, api_id, request_webapp_id, device_id, variant_id, test_id, percentage) VALUES("UPDATE", NEW.id, NEW.api_id, NEW.request_webapp_id, NEW.device_id, NEW.variant_id, NEW.test_id, NEW.percentage);
	END */;;
DELIMITER ;
/*!50003 SET sql_mode              = @saved_sql_mode */ ;
/*!50003 SET character_set_client  = @saved_cs_client */ ;
/*!50003 SET character_set_results = @saved_cs_results */ ;
/*!50003 SET collation_connection  = @saved_col_connection */ ;

--
-- Table structure for table `log_bool_attr_test`
--

DROP TABLE IF EXISTS `log_bool_attr_test`;
/*!40101 SET @saved_cs_client     = @@character_set_client */;
/*!40101 SET character_set_client = utf8 */;
CREATE TABLE `log_bool_attr_test` (
  `log_id` int(11) NOT NULL AUTO_INCREMENT,
  `log_ime_stamp` timestamp NOT NULL DEFAULT CURRENT_TIMESTAMP,
  `modification_type` char(8) DEFAULT NULL,
  `id` int(8) DEFAULT NULL,
  `api_id` int(8) DEFAULT NULL,
  `request_webapp_id` int(8) DEFAULT NULL,
  `attr_id` int(8) DEFAULT NULL,
  `test_id` int(8) DEFAULT NULL,
  `val` tinyint(1) DEFAULT NULL,
  `is_on` tinyint(1) DEFAULT NULL,
  PRIMARY KEY (`log_id`)
) ENGINE=InnoDB AUTO_INCREMENT=11 DEFAULT CHARSET=utf8;
/*!40101 SET character_set_client = @saved_cs_client */;

--
-- Dumping data for table `log_bool_attr_test`
--

LOCK TABLES `log_bool_attr_test` WRITE;
/*!40000 ALTER TABLE `log_bool_attr_test` DISABLE KEYS */;
INSERT INTO `log_bool_attr_test` VALUES (1,'2018-04-21 13:11:14','INSERT',0,1,1,2,1,0,0),(2,'2018-04-21 13:11:14','INSERT',0,1,4,2,2,0,0),(3,'2018-04-21 13:11:14','INSERT',0,1,9,2,3,0,0),(4,'2018-04-21 13:11:14','INSERT',0,1,12,2,4,0,0),(5,'2018-04-21 13:11:14','INSERT',0,1,17,2,5,0,0),(6,'2018-04-21 13:11:14','INSERT',0,1,20,2,6,0,0),(7,'2018-04-21 13:11:14','INSERT',0,1,25,2,7,0,0),(8,'2018-04-21 13:11:14','INSERT',0,1,28,2,8,0,0),(9,'2018-04-21 13:11:14','INSERT',0,1,33,2,9,0,0),(10,'2018-04-21 13:11:15','INSERT',0,1,36,2,10,0,0);
/*!40000 ALTER TABLE `log_bool_attr_test` ENABLE KEYS */;
UNLOCK TABLES;

--
-- Table structure for table `log_cat_attr_val_test`
--

DROP TABLE IF EXISTS `log_cat_attr_val_test`;
/*!40101 SET @saved_cs_client     = @@character_set_client */;
/*!40101 SET character_set_client = utf8 */;
CREATE TABLE `log_cat_attr_val_test` (
  `log_id` int(11) NOT NULL AUTO_INCREMENT,
  `log_ime_stamp` timestamp NOT NULL DEFAULT CURRENT_TIMESTAMP,
  `modification_type` char(8) DEFAULT NULL,
  `id` int(8) DEFAULT NULL,
  `api_id` int(8) DEFAULT NULL,
  `request_webapp_id` int(8) DEFAULT NULL,
  `test_id` int(8) DEFAULT NULL,
  `attr_id` int(8) DEFAULT NULL,
  `cat_attr_val_id` int(8) DEFAULT NULL,
  `is_on` tinyint(1) DEFAULT NULL,
  PRIMARY KEY (`log_id`)
) ENGINE=InnoDB AUTO_INCREMENT=31 DEFAULT CHARSET=utf8;
/*!40101 SET character_set_client = @saved_cs_client */;

--
-- Dumping data for table `log_cat_attr_val_test`
--

LOCK TABLES `log_cat_attr_val_test` WRITE;
/*!40000 ALTER TABLE `log_cat_attr_val_test` DISABLE KEYS */;
INSERT INTO `log_cat_attr_val_test` VALUES (1,'2018-04-21 13:11:14','INSERT',0,1,1,1,1,1,0),(2,'2018-04-21 13:11:14','INSERT',0,1,1,1,1,2,0),(3,'2018-04-21 13:11:14','INSERT',0,1,1,1,1,3,0),(4,'2018-04-21 13:11:14','INSERT',0,1,4,2,1,1,0),(5,'2018-04-21 13:11:14','INSERT',0,1,4,2,1,2,0),(6,'2018-04-21 13:11:14','INSERT',0,1,4,2,1,3,0),(7,'2018-04-21 13:11:14','INSERT',0,1,9,3,1,1,0),(8,'2018-04-21 13:11:14','INSERT',0,1,9,3,1,2,0),(9,'2018-04-21 13:11:14','INSERT',0,1,9,3,1,3,0),(10,'2018-04-21 13:11:14','INSERT',0,1,12,4,1,1,0),(11,'2018-04-21 13:11:14','INSERT',0,1,12,4,1,2,0),(12,'2018-04-21 13:11:14','INSERT',0,1,12,4,1,3,0),(13,'2018-04-21 13:11:14','INSERT',0,1,17,5,1,1,0),(14,'2018-04-21 13:11:14','INSERT',0,1,17,5,1,2,0),(15,'2018-04-21 13:11:14','INSERT',0,1,17,5,1,3,0),(16,'2018-04-21 13:11:14','INSERT',0,1,20,6,1,1,0),(17,'2018-04-21 13:11:14','INSERT',0,1,20,6,1,2,0),(18,'2018-04-21 13:11:14','INSERT',0,1,20,6,1,3,0),(19,'2018-04-21 13:11:14','INSERT',0,1,25,7,1,1,0),(20,'2018-04-21 13:11:14','INSERT',0,1,25,7,1,2,0),(21,'2018-04-21 13:11:14','INSERT',0,1,25,7,1,3,0),(22,'2018-04-21 13:11:14','INSERT',0,1,28,8,1,1,0),(23,'2018-04-21 13:11:14','INSERT',0,1,28,8,1,2,0),(24,'2018-04-21 13:11:14','INSERT',0,1,28,8,1,3,0),(25,'2018-04-21 13:11:14','INSERT',0,1,33,9,1,1,0),(26,'2018-04-21 13:11:14','INSERT',0,1,33,9,1,2,0),(27,'2018-04-21 13:11:14','INSERT',0,1,33,9,1,3,0),(28,'2018-04-21 13:11:15','INSERT',0,1,36,10,1,1,0),(29,'2018-04-21 13:11:15','INSERT',0,1,36,10,1,2,0),(30,'2018-04-21 13:11:15','INSERT',0,1,36,10,1,3,0);
/*!40000 ALTER TABLE `log_cat_attr_val_test` ENABLE KEYS */;
UNLOCK TABLES;

--
-- Table structure for table `log_device_x_variant`
--

DROP TABLE IF EXISTS `log_device_x_variant`;
/*!40101 SET @saved_cs_client     = @@character_set_client */;
/*!40101 SET character_set_client = utf8 */;
CREATE TABLE `log_device_x_variant` (
  `log_id` int(11) NOT NULL AUTO_INCREMENT,
  `log_ime_stamp` timestamp NOT NULL DEFAULT CURRENT_TIMESTAMP,
  `modification_type` char(8) DEFAULT NULL,
  `id` int(8) DEFAULT NULL,
  `api_id` int(8) DEFAULT NULL,
  `request_webapp_id` int(8) DEFAULT NULL,
  `device_id` int(8) DEFAULT NULL,
  `variant_id` int(8) DEFAULT NULL,
  `test_id` int(8) DEFAULT NULL,
  `percentage` int(8) DEFAULT NULL,
  PRIMARY KEY (`log_id`)
) ENGINE=InnoDB AUTO_INCREMENT=181 DEFAULT CHARSET=utf8;
/*!40101 SET character_set_client = @saved_cs_client */;

--
-- Dumping data for table `log_device_x_variant`
--

LOCK TABLES `log_device_x_variant` WRITE;
/*!40000 ALTER TABLE `log_device_x_variant` DISABLE KEYS */;
INSERT INTO `log_device_x_variant` VALUES (1,'2018-04-21 13:11:14','INSERT',0,1,1,1,1,1,50),(2,'2018-04-21 13:11:14','INSERT',0,1,1,1,2,1,30),(3,'2018-04-21 13:11:14','INSERT',0,1,1,1,3,1,20),(4,'2018-04-21 13:11:14','INSERT',0,1,1,2,1,1,50),(5,'2018-04-21 13:11:14','INSERT',0,1,1,2,2,1,30),(6,'2018-04-21 13:11:14','INSERT',0,1,1,2,3,1,20),(7,'2018-04-21 13:11:14','INSERT',0,1,1,3,1,1,50),(8,'2018-04-21 13:11:14','INSERT',0,1,1,3,2,1,30),(9,'2018-04-21 13:11:14','INSERT',0,1,1,3,3,1,20),(10,'2018-04-21 13:11:14','INSERT',0,1,1,4,1,1,50),(11,'2018-04-21 13:11:14','INSERT',0,1,1,4,2,1,30),(12,'2018-04-21 13:11:14','INSERT',0,1,1,4,3,1,20),(13,'2018-04-21 13:11:14','INSERT',0,1,1,5,1,1,50),(14,'2018-04-21 13:11:14','INSERT',0,1,1,5,2,1,30),(15,'2018-04-21 13:11:14','INSERT',0,1,1,5,3,1,20),(16,'2018-04-21 13:11:14','INSERT',0,1,1,6,1,1,50),(17,'2018-04-21 13:11:14','INSERT',0,1,1,6,2,1,30),(18,'2018-04-21 13:11:14','INSERT',0,1,1,6,3,1,20),(19,'2018-04-21 13:11:14','INSERT',0,1,4,1,4,2,50),(20,'2018-04-21 13:11:14','INSERT',0,1,4,1,5,2,30),(21,'2018-04-21 13:11:14','INSERT',0,1,4,1,6,2,20),(22,'2018-04-21 13:11:14','INSERT',0,1,4,2,4,2,50),(23,'2018-04-21 13:11:14','INSERT',0,1,4,2,5,2,30),(24,'2018-04-21 13:11:14','INSERT',0,1,4,2,6,2,20),(25,'2018-04-21 13:11:14','INSERT',0,1,4,3,4,2,50),(26,'2018-04-21 13:11:14','INSERT',0,1,4,3,5,2,30),(27,'2018-04-21 13:11:14','INSERT',0,1,4,3,6,2,20),(28,'2018-04-21 13:11:14','INSERT',0,1,4,4,4,2,50),(29,'2018-04-21 13:11:14','INSERT',0,1,4,4,5,2,30),(30,'2018-04-21 13:11:14','INSERT',0,1,4,4,6,2,20),(31,'2018-04-21 13:11:14','INSERT',0,1,4,5,4,2,50),(32,'2018-04-21 13:11:14','INSERT',0,1,4,5,5,2,30),(33,'2018-04-21 13:11:14','INSERT',0,1,4,5,6,2,20),(34,'2018-04-21 13:11:14','INSERT',0,1,4,6,4,2,50),(35,'2018-04-21 13:11:14','INSERT',0,1,4,6,5,2,30),(36,'2018-04-21 13:11:14','INSERT',0,1,4,6,6,2,20),(37,'2018-04-21 13:11:14','INSERT',0,1,9,1,7,3,50),(38,'2018-04-21 13:11:14','INSERT',0,1,9,1,8,3,30),(39,'2018-04-21 13:11:14','INSERT',0,1,9,1,9,3,20),(40,'2018-04-21 13:11:14','INSERT',0,1,9,2,7,3,50),(41,'2018-04-21 13:11:14','INSERT',0,1,9,2,8,3,30),(42,'2018-04-21 13:11:14','INSERT',0,1,9,2,9,3,20),(43,'2018-04-21 13:11:14','INSERT',0,1,9,3,7,3,50),(44,'2018-04-21 13:11:14','INSERT',0,1,9,3,8,3,30),(45,'2018-04-21 13:11:14','INSERT',0,1,9,3,9,3,20),(46,'2018-04-21 13:11:14','INSERT',0,1,9,4,7,3,50),(47,'2018-04-21 13:11:14','INSERT',0,1,9,4,8,3,30),(48,'2018-04-21 13:11:14','INSERT',0,1,9,4,9,3,20),(49,'2018-04-21 13:11:14','INSERT',0,1,9,5,7,3,50),(50,'2018-04-21 13:11:14','INSERT',0,1,9,5,8,3,30),(51,'2018-04-21 13:11:14','INSERT',0,1,9,5,9,3,20),(52,'2018-04-21 13:11:14','INSERT',0,1,9,6,7,3,50),(53,'2018-04-21 13:11:14','INSERT',0,1,9,6,8,3,30),(54,'2018-04-21 13:11:14','INSERT',0,1,9,6,9,3,20),(55,'2018-04-21 13:11:14','INSERT',0,1,12,1,10,4,50),(56,'2018-04-21 13:11:14','INSERT',0,1,12,1,11,4,30),(57,'2018-04-21 13:11:14','INSERT',0,1,12,1,12,4,20),(58,'2018-04-21 13:11:14','INSERT',0,1,12,2,10,4,50),(59,'2018-04-21 13:11:14','INSERT',0,1,12,2,11,4,30),(60,'2018-04-21 13:11:14','INSERT',0,1,12,2,12,4,20),(61,'2018-04-21 13:11:14','INSERT',0,1,12,3,10,4,50),(62,'2018-04-21 13:11:14','INSERT',0,1,12,3,11,4,30),(63,'2018-04-21 13:11:14','INSERT',0,1,12,3,12,4,20),(64,'2018-04-21 13:11:14','INSERT',0,1,12,4,10,4,50),(65,'2018-04-21 13:11:14','INSERT',0,1,12,4,11,4,30),(66,'2018-04-21 13:11:14','INSERT',0,1,12,4,12,4,20),(67,'2018-04-21 13:11:14','INSERT',0,1,12,5,10,4,50),(68,'2018-04-21 13:11:14','INSERT',0,1,12,5,11,4,30),(69,'2018-04-21 13:11:14','INSERT',0,1,12,5,12,4,20),(70,'2018-04-21 13:11:14','INSERT',0,1,12,6,10,4,50),(71,'2018-04-21 13:11:14','INSERT',0,1,12,6,11,4,30),(72,'2018-04-21 13:11:14','INSERT',0,1,12,6,12,4,20),(73,'2018-04-21 13:11:14','INSERT',0,1,17,1,13,5,50),(74,'2018-04-21 13:11:14','INSERT',0,1,17,1,14,5,30),(75,'2018-04-21 13:11:14','INSERT',0,1,17,1,15,5,20),(76,'2018-04-21 13:11:14','INSERT',0,1,17,2,13,5,50),(77,'2018-04-21 13:11:14','INSERT',0,1,17,2,14,5,30),(78,'2018-04-21 13:11:14','INSERT',0,1,17,2,15,5,20),(79,'2018-04-21 13:11:14','INSERT',0,1,17,3,13,5,50),(80,'2018-04-21 13:11:14','INSERT',0,1,17,3,14,5,30),(81,'2018-04-21 13:11:14','INSERT',0,1,17,3,15,5,20),(82,'2018-04-21 13:11:14','INSERT',0,1,17,4,13,5,50),(83,'2018-04-21 13:11:14','INSERT',0,1,17,4,14,5,30),(84,'2018-04-21 13:11:14','INSERT',0,1,17,4,15,5,20),(85,'2018-04-21 13:11:14','INSERT',0,1,17,5,13,5,50),(86,'2018-04-21 13:11:14','INSERT',0,1,17,5,14,5,30),(87,'2018-04-21 13:11:14','INSERT',0,1,17,5,15,5,20),(88,'2018-04-21 13:11:14','INSERT',0,1,17,6,13,5,50),(89,'2018-04-21 13:11:14','INSERT',0,1,17,6,14,5,30),(90,'2018-04-21 13:11:14','INSERT',0,1,17,6,15,5,20),(91,'2018-04-21 13:11:14','INSERT',0,1,20,1,16,6,50),(92,'2018-04-21 13:11:14','INSERT',0,1,20,1,17,6,30),(93,'2018-04-21 13:11:14','INSERT',0,1,20,1,18,6,20),(94,'2018-04-21 13:11:14','INSERT',0,1,20,2,16,6,50),(95,'2018-04-21 13:11:14','INSERT',0,1,20,2,17,6,30),(96,'2018-04-21 13:11:14','INSERT',0,1,20,2,18,6,20),(97,'2018-04-21 13:11:14','INSERT',0,1,20,3,16,6,50),(98,'2018-04-21 13:11:14','INSERT',0,1,20,3,17,6,30),(99,'2018-04-21 13:11:14','INSERT',0,1,20,3,18,6,20),(100,'2018-04-21 13:11:14','INSERT',0,1,20,4,16,6,50),(101,'2018-04-21 13:11:14','INSERT',0,1,20,4,17,6,30),(102,'2018-04-21 13:11:14','INSERT',0,1,20,4,18,6,20),(103,'2018-04-21 13:11:14','INSERT',0,1,20,5,16,6,50),(104,'2018-04-21 13:11:14','INSERT',0,1,20,5,17,6,30),(105,'2018-04-21 13:11:14','INSERT',0,1,20,5,18,6,20),(106,'2018-04-21 13:11:14','INSERT',0,1,20,6,16,6,50),(107,'2018-04-21 13:11:14','INSERT',0,1,20,6,17,6,30),(108,'2018-04-21 13:11:14','INSERT',0,1,20,6,18,6,20),(109,'2018-04-21 13:11:14','INSERT',0,1,25,1,19,7,50),(110,'2018-04-21 13:11:14','INSERT',0,1,25,1,20,7,30),(111,'2018-04-21 13:11:14','INSERT',0,1,25,1,21,7,20),(112,'2018-04-21 13:11:14','INSERT',0,1,25,2,19,7,50),(113,'2018-04-21 13:11:14','INSERT',0,1,25,2,20,7,30),(114,'2018-04-21 13:11:14','INSERT',0,1,25,2,21,7,20),(115,'2018-04-21 13:11:14','INSERT',0,1,25,3,19,7,50),(116,'2018-04-21 13:11:14','INSERT',0,1,25,3,20,7,30),(117,'2018-04-21 13:11:14','INSERT',0,1,25,3,21,7,20),(118,'2018-04-21 13:11:14','INSERT',0,1,25,4,19,7,50),(119,'2018-04-21 13:11:14','INSERT',0,1,25,4,20,7,30),(120,'2018-04-21 13:11:14','INSERT',0,1,25,4,21,7,20),(121,'2018-04-21 13:11:14','INSERT',0,1,25,5,19,7,50),(122,'2018-04-21 13:11:14','INSERT',0,1,25,5,20,7,30),(123,'2018-04-21 13:11:14','INSERT',0,1,25,5,21,7,20),(124,'2018-04-21 13:11:14','INSERT',0,1,25,6,19,7,50),(125,'2018-04-21 13:11:14','INSERT',0,1,25,6,20,7,30),(126,'2018-04-21 13:11:14','INSERT',0,1,25,6,21,7,20),(127,'2018-04-21 13:11:14','INSERT',0,1,28,1,22,8,50),(128,'2018-04-21 13:11:14','INSERT',0,1,28,1,23,8,30),(129,'2018-04-21 13:11:14','INSERT',0,1,28,1,24,8,20),(130,'2018-04-21 13:11:14','INSERT',0,1,28,2,22,8,50),(131,'2018-04-21 13:11:14','INSERT',0,1,28,2,23,8,30),(132,'2018-04-21 13:11:14','INSERT',0,1,28,2,24,8,20),(133,'2018-04-21 13:11:14','INSERT',0,1,28,3,22,8,50),(134,'2018-04-21 13:11:14','INSERT',0,1,28,3,23,8,30),(135,'2018-04-21 13:11:14','INSERT',0,1,28,3,24,8,20),(136,'2018-04-21 13:11:14','INSERT',0,1,28,4,22,8,50),(137,'2018-04-21 13:11:14','INSERT',0,1,28,4,23,8,30),(138,'2018-04-21 13:11:14','INSERT',0,1,28,4,24,8,20),(139,'2018-04-21 13:11:14','INSERT',0,1,28,5,22,8,50),(140,'2018-04-21 13:11:14','INSERT',0,1,28,5,23,8,30),(141,'2018-04-21 13:11:14','INSERT',0,1,28,5,24,8,20),(142,'2018-04-21 13:11:14','INSERT',0,1,28,6,22,8,50),(143,'2018-04-21 13:11:14','INSERT',0,1,28,6,23,8,30),(144,'2018-04-21 13:11:14','INSERT',0,1,28,6,24,8,20),(145,'2018-04-21 13:11:14','INSERT',0,1,33,1,25,9,50),(146,'2018-04-21 13:11:14','INSERT',0,1,33,1,26,9,30),(147,'2018-04-21 13:11:14','INSERT',0,1,33,1,27,9,20),(148,'2018-04-21 13:11:14','INSERT',0,1,33,2,25,9,50),(149,'2018-04-21 13:11:14','INSERT',0,1,33,2,26,9,30),(150,'2018-04-21 13:11:14','INSERT',0,1,33,2,27,9,20),(151,'2018-04-21 13:11:14','INSERT',0,1,33,3,25,9,50),(152,'2018-04-21 13:11:14','INSERT',0,1,33,3,26,9,30),(153,'2018-04-21 13:11:14','INSERT',0,1,33,3,27,9,20),(154,'2018-04-21 13:11:14','INSERT',0,1,33,4,25,9,50),(155,'2018-04-21 13:11:14','INSERT',0,1,33,4,26,9,30),(156,'2018-04-21 13:11:14','INSERT',0,1,33,4,27,9,20),(157,'2018-04-21 13:11:14','INSERT',0,1,33,5,25,9,50),(158,'2018-04-21 13:11:14','INSERT',0,1,33,5,26,9,30),(159,'2018-04-21 13:11:14','INSERT',0,1,33,5,27,9,20),(160,'2018-04-21 13:11:14','INSERT',0,1,33,6,25,9,50),(161,'2018-04-21 13:11:14','INSERT',0,1,33,6,26,9,30),(162,'2018-04-21 13:11:14','INSERT',0,1,33,6,27,9,20),(163,'2018-04-21 13:11:15','INSERT',0,1,36,1,28,10,50),(164,'2018-04-21 13:11:15','INSERT',0,1,36,1,29,10,30),(165,'2018-04-21 13:11:15','INSERT',0,1,36,1,30,10,20),(166,'2018-04-21 13:11:15','INSERT',0,1,36,2,28,10,50),(167,'2018-04-21 13:11:15','INSERT',0,1,36,2,29,10,30),(168,'2018-04-21 13:11:15','INSERT',0,1,36,2,30,10,20),(169,'2018-04-21 13:11:15','INSERT',0,1,36,3,28,10,50),(170,'2018-04-21 13:11:15','INSERT',0,1,36,3,29,10,30),(171,'2018-04-21 13:11:15','INSERT',0,1,36,3,30,10,20),(172,'2018-04-21 13:11:15','INSERT',0,1,36,4,28,10,50),(173,'2018-04-21 13:11:15','INSERT',0,1,36,4,29,10,30),(174,'2018-04-21 13:11:15','INSERT',0,1,36,4,30,10,20),(175,'2018-04-21 13:11:15','INSERT',0,1,36,5,28,10,50),(176,'2018-04-21 13:11:15','INSERT',0,1,36,5,29,10,30),(177,'2018-04-21 13:11:15','INSERT',0,1,36,5,30,10,20),(178,'2018-04-21 13:11:15','INSERT',0,1,36,6,28,10,50),(179,'2018-04-21 13:11:15','INSERT',0,1,36,6,29,10,30),(180,'2018-04-21 13:11:15','INSERT',0,1,36,6,30,10,20);
/*!40000 ALTER TABLE `log_device_x_variant` ENABLE KEYS */;
UNLOCK TABLES;

--
-- Table structure for table `log_test`
--

DROP TABLE IF EXISTS `log_test`;
/*!40101 SET @saved_cs_client     = @@character_set_client */;
/*!40101 SET character_set_client = utf8 */;
CREATE TABLE `log_test` (
  `log_id` int(11) NOT NULL AUTO_INCREMENT,
  `log_ime_stamp` timestamp NOT NULL DEFAULT CURRENT_TIMESTAMP,
  `modification_type` char(8) DEFAULT NULL,
  `id` int(8) DEFAULT NULL,
  `name` varchar(128) DEFAULT NULL,
  `api_id` int(8) DEFAULT NULL,
  `request_webapp_id` int(8) DEFAULT NULL,
  `test_type_id` int(8) DEFAULT NULL,
  `bin_type_id` int(8) DEFAULT NULL,
  `pred_id` int(8) DEFAULT NULL,
  `channel_id` int(8) DEFAULT NULL,
  `description` varchar(256) DEFAULT NULL,
  `is_dev_specific` tinyint(1) DEFAULT NULL,
  `has_filters` tinyint(1) DEFAULT NULL,
  `seed` bigint(22) DEFAULT NULL,
  `external_id` bigint(20) DEFAULT NULL,
  `created_at` datetime DEFAULT NULL,
  `t_create` bigint(20) DEFAULT NULL,
  `updated_at` datetime DEFAULT NULL,
  `t_update` bigint(20) DEFAULT NULL,
  `creator_id` int(8) DEFAULT NULL,
  `updater_id` int(8) DEFAULT NULL,
  `state_id` int(8) DEFAULT NULL,
  PRIMARY KEY (`log_id`)
) ENGINE=InnoDB AUTO_INCREMENT=41 DEFAULT CHARSET=utf8;
/*!40101 SET character_set_client = @saved_cs_client */;

--
-- Dumping data for table `log_test`
--

LOCK TABLES `log_test` WRITE;
/*!40000 ALTER TABLE `log_test` DISABLE KEYS */;
INSERT INTO `log_test` VALUES (1,'2018-04-21 13:11:14','INSERT',0,'T1',1,1,2,1,NULL,5,'some bogus description',0,0,240472819087472407,152431627430239900,'2018-04-21 06:11:14',152431627430239900,'2018-04-21 06:11:14',152431627430239900,1,1,1),(2,'2018-04-21 13:11:14','UPDATE',1,'T1',2,2,2,1,NULL,5,'some bogus description',0,0,240472819087472407,152431627430239900,'2018-04-21 06:11:14',152431627430239900,'2018-04-21 06:11:14',152431627430239900,1,1,2),(3,'2018-04-21 13:11:14','UPDATE',1,'T1',2,3,2,1,NULL,5,'some bogus description',0,0,240472819087472407,152431627430239900,'2018-04-21 06:11:14',152431627430239900,'2018-04-21 06:11:14',152431627430239900,1,1,3),(4,'2018-04-21 13:11:14','INSERT',0,'T2',1,4,2,1,NULL,5,'some bogus description',0,0,7246393171487833450,152431627435683100,'2018-04-21 06:11:14',152431627435683100,'2018-04-21 06:11:14',152431627435683100,1,1,1),(5,'2018-04-21 13:11:14','UPDATE',2,'T2',2,5,2,1,NULL,5,'some bogus description',0,0,7246393171487833450,152431627435683100,'2018-04-21 06:11:14',152431627435683100,'2018-04-21 06:11:14',152431627435683100,1,1,2),(6,'2018-04-21 13:11:14','UPDATE',2,'T2',2,6,2,1,NULL,5,'some bogus description',0,0,7246393171487833450,152431627435683100,'2018-04-21 06:11:14',152431627435683100,'2018-04-21 06:11:14',152431627435683100,1,1,3),(7,'2018-04-21 13:11:14','UPDATE',2,'T2',2,7,2,1,NULL,5,'some bogus description',0,0,7246393171487833450,152431627435683100,'2018-04-21 06:11:14',152431627435683100,'2018-04-21 06:11:14',152431627435683100,1,1,4),(8,'2018-04-21 13:11:14','UPDATE',2,'T2',2,8,2,1,NULL,5,'some bogus description',0,0,7246393171487833450,152431627435683100,'2018-04-21 06:11:14',152431627435683100,'2018-04-21 06:11:14',152431627435683100,1,1,5),(9,'2018-04-21 13:11:14','INSERT',0,'T3',1,9,1,5,NULL,5,'some bogus description',0,0,1015746508408746040,152431627446077800,'2018-04-21 06:11:14',152431627446077800,'2018-04-21 06:11:14',152431627446077800,1,1,1),(10,'2018-04-21 13:11:14','UPDATE',3,'T3',2,10,1,5,NULL,5,'some bogus description',0,0,1015746508408746040,152431627446077800,'2018-04-21 06:11:14',152431627446077800,'2018-04-21 06:11:14',152431627446077800,1,1,2),(11,'2018-04-21 13:11:14','UPDATE',3,'T3',2,11,1,5,NULL,5,'some bogus description',0,0,1015746508408746040,152431627446077800,'2018-04-21 06:11:14',152431627446077800,'2018-04-21 06:11:14',152431627446077800,1,1,3),(12,'2018-04-21 13:11:14','INSERT',0,'T4',1,12,2,1,NULL,5,'some bogus description',0,0,4958314924913246754,152431627451927100,'2018-04-21 06:11:14',152431627451927100,'2018-04-21 06:11:14',152431627451927100,1,1,1),(13,'2018-04-21 13:11:14','UPDATE',4,'T4',2,13,2,1,NULL,5,'some bogus description',0,0,4958314924913246754,152431627451927100,'2018-04-21 06:11:14',152431627451927100,'2018-04-21 06:11:14',152431627451927100,1,1,2),(14,'2018-04-21 13:11:14','UPDATE',4,'T4',2,14,2,1,NULL,5,'some bogus description',0,0,4958314924913246754,152431627451927100,'2018-04-21 06:11:14',152431627451927100,'2018-04-21 06:11:14',152431627451927100,1,1,3),(15,'2018-04-21 13:11:14','UPDATE',4,'T4',2,15,2,1,NULL,5,'some bogus description',0,0,4958314924913246754,152431627451927100,'2018-04-21 06:11:14',152431627451927100,'2018-04-21 06:11:14',152431627451927100,1,1,4),(16,'2018-04-21 13:11:14','UPDATE',4,'T4',2,16,2,1,NULL,5,'some bogus description',0,0,4958314924913246754,152431627451927100,'2018-04-21 06:11:14',152431627451927100,'2018-04-21 06:11:14',152431627451927100,1,1,5),(17,'2018-04-21 13:11:14','INSERT',0,'T5',1,17,2,1,NULL,5,'some bogus description',0,0,1462032225240596771,152431627463444700,'2018-04-21 06:11:14',152431627463444700,'2018-04-21 06:11:14',152431627463444700,1,1,1),(18,'2018-04-21 13:11:14','UPDATE',5,'T5',2,18,2,1,NULL,5,'some bogus description',0,0,1462032225240596771,152431627463444700,'2018-04-21 06:11:14',152431627463444700,'2018-04-21 06:11:14',152431627463444700,1,1,2),(19,'2018-04-21 13:11:14','UPDATE',5,'T5',2,19,2,1,NULL,5,'some bogus description',0,0,1462032225240596771,152431627463444700,'2018-04-21 06:11:14',152431627463444700,'2018-04-21 06:11:14',152431627463444700,1,1,3),(20,'2018-04-21 13:11:14','INSERT',0,'T6',1,20,1,5,NULL,5,'some bogus description',0,0,5574817219029565365,152431627469223500,'2018-04-21 06:11:14',152431627469223500,'2018-04-21 06:11:14',152431627469223500,1,1,1),(21,'2018-04-21 13:11:14','UPDATE',6,'T6',2,21,1,5,NULL,5,'some bogus description',0,0,5574817219029565365,152431627469223500,'2018-04-21 06:11:14',152431627469223500,'2018-04-21 06:11:14',152431627469223500,1,1,2),(22,'2018-04-21 13:11:14','UPDATE',6,'T6',2,22,1,5,NULL,5,'some bogus description',0,0,5574817219029565365,152431627469223500,'2018-04-21 06:11:14',152431627469223500,'2018-04-21 06:11:14',152431627469223500,1,1,3),(23,'2018-04-21 13:11:14','UPDATE',6,'T6',2,23,1,5,NULL,5,'some bogus description',0,0,5574817219029565365,152431627469223500,'2018-04-21 06:11:14',152431627469223500,'2018-04-21 06:11:14',152431627469223500,1,1,4),(24,'2018-04-21 13:11:14','UPDATE',6,'T6',2,24,1,5,NULL,5,'some bogus description',0,0,5574817219029565365,152431627469223500,'2018-04-21 06:11:14',152431627469223500,'2018-04-21 06:11:14',152431627469223500,1,1,5),(25,'2018-04-21 13:11:14','INSERT',0,'T7',1,25,2,1,NULL,5,'some bogus description',0,0,3522862722256474489,152431627478894800,'2018-04-21 06:11:14',152431627478894800,'2018-04-21 06:11:14',152431627478894800,1,1,1),(26,'2018-04-21 13:11:14','UPDATE',7,'T7',2,26,2,1,NULL,5,'some bogus description',0,0,3522862722256474489,152431627478894800,'2018-04-21 06:11:14',152431627478894800,'2018-04-21 06:11:14',152431627478894800,1,1,2),(27,'2018-04-21 13:11:14','UPDATE',7,'T7',2,27,2,1,NULL,5,'some bogus description',0,0,3522862722256474489,152431627478894800,'2018-04-21 06:11:14',152431627478894800,'2018-04-21 06:11:14',152431627478894800,1,1,3),(28,'2018-04-21 13:11:14','INSERT',0,'T8',1,28,2,1,NULL,5,'some bogus description',0,0,4352531902400857234,152431627484473200,'2018-04-21 06:11:14',152431627484473200,'2018-04-21 06:11:14',152431627484473200,1,1,1),(29,'2018-04-21 13:11:14','UPDATE',8,'T8',2,29,2,1,NULL,5,'some bogus description',0,0,4352531902400857234,152431627484473200,'2018-04-21 06:11:14',152431627484473200,'2018-04-21 06:11:14',152431627484473200,1,1,2),(30,'2018-04-21 13:11:14','UPDATE',8,'T8',2,30,2,1,NULL,5,'some bogus description',0,0,4352531902400857234,152431627484473200,'2018-04-21 06:11:14',152431627484473200,'2018-04-21 06:11:14',152431627484473200,1,1,3),(31,'2018-04-21 13:11:14','UPDATE',8,'T8',2,31,2,1,NULL,5,'some bogus description',0,0,4352531902400857234,152431627484473200,'2018-04-21 06:11:14',152431627484473200,'2018-04-21 06:11:14',152431627484473200,1,1,4),(32,'2018-04-21 13:11:14','UPDATE',8,'T8',2,32,2,1,NULL,5,'some bogus description',0,0,4352531902400857234,152431627484473200,'2018-04-21 06:11:14',152431627484473200,'2018-04-21 06:11:14',152431627484473200,1,1,5),(33,'2018-04-21 13:11:14','INSERT',0,'T9',1,33,1,5,NULL,5,'some bogus description',0,0,4959512626904007801,152431627496291500,'2018-04-21 06:11:14',152431627496291500,'2018-04-21 06:11:14',152431627496291500,1,1,1),(34,'2018-04-21 13:11:14','UPDATE',9,'T9',2,34,1,5,NULL,5,'some bogus description',0,0,4959512626904007801,152431627496291500,'2018-04-21 06:11:14',152431627496291500,'2018-04-21 06:11:14',152431627496291500,1,1,2),(35,'2018-04-21 13:11:15','UPDATE',9,'T9',2,35,1,5,NULL,5,'some bogus description',0,0,4959512626904007801,152431627496291500,'2018-04-21 06:11:14',152431627496291500,'2018-04-21 06:11:14',152431627496291500,1,1,3),(36,'2018-04-21 13:11:15','INSERT',0,'T10',1,36,2,1,NULL,5,'some bogus description',0,0,2069273278122962444,152431627501150500,'2018-04-21 06:11:15',152431627501150500,'2018-04-21 06:11:15',152431627501150500,1,1,1),(37,'2018-04-21 13:11:15','UPDATE',10,'T10',2,37,2,1,NULL,5,'some bogus description',0,0,2069273278122962444,152431627501150500,'2018-04-21 06:11:15',152431627501150500,'2018-04-21 06:11:15',152431627501150500,1,1,2),(38,'2018-04-21 13:11:15','UPDATE',10,'T10',2,38,2,1,NULL,5,'some bogus description',0,0,2069273278122962444,152431627501150500,'2018-04-21 06:11:15',152431627501150500,'2018-04-21 06:11:15',152431627501150500,1,1,3),(39,'2018-04-21 13:11:15','UPDATE',10,'T10',2,39,2,1,NULL,5,'some bogus description',0,0,2069273278122962444,152431627501150500,'2018-04-21 06:11:15',152431627501150500,'2018-04-21 06:11:15',152431627501150500,1,1,4),(40,'2018-04-21 13:11:15','UPDATE',10,'T10',2,40,2,1,NULL,5,'some bogus description',0,0,2069273278122962444,152431627501150500,'2018-04-21 06:11:15',152431627501150500,'2018-04-21 06:11:15',152431627501150500,1,1,5);
/*!40000 ALTER TABLE `log_test` ENABLE KEYS */;
UNLOCK TABLES;

--
-- Table structure for table `log_variant`
--

DROP TABLE IF EXISTS `log_variant`;
/*!40101 SET @saved_cs_client     = @@character_set_client */;
/*!40101 SET character_set_client = utf8 */;
CREATE TABLE `log_variant` (
  `log_id` int(11) NOT NULL AUTO_INCREMENT,
  `log_ime_stamp` timestamp NOT NULL DEFAULT CURRENT_TIMESTAMP,
  `modification_type` char(8) DEFAULT NULL,
  `id` int(8) DEFAULT NULL,
  `name` varchar(32) DEFAULT NULL,
  `api_id` int(8) DEFAULT NULL,
  `request_webapp_id` int(8) DEFAULT NULL,
  `description` varchar(256) DEFAULT NULL,
  `test_id` int(8) DEFAULT NULL,
  `percentage` float DEFAULT NULL,
  `is_final` tinyint(1) DEFAULT NULL,
  `url` varchar(256) DEFAULT NULL,
  `custom_data` varchar(2048) DEFAULT NULL,
  `is_del` tinyint(1) DEFAULT NULL,
  `pred_id` int(8) DEFAULT NULL,
  `created_at` datetime DEFAULT NULL,
  `t_create` bigint(20) DEFAULT NULL,
  `updated_at` datetime DEFAULT NULL,
  `t_update` bigint(20) DEFAULT NULL,
  PRIMARY KEY (`log_id`)
) ENGINE=InnoDB AUTO_INCREMENT=46 DEFAULT CHARSET=utf8;
/*!40101 SET character_set_client = @saved_cs_client */;

--
-- Dumping data for table `log_variant`
--

LOCK TABLES `log_variant` WRITE;
/*!40000 ALTER TABLE `log_variant` DISABLE KEYS */;
INSERT INTO `log_variant` VALUES (1,'2018-04-21 13:11:14','INSERT',0,'Control',1,1,NULL,1,50,0,'www.google.com',NULL,0,NULL,'0000-00-00 00:00:00',0,'2018-04-21 06:11:14',152431627430239900),(2,'2018-04-21 13:11:14','INSERT',0,'Variant_A',1,1,NULL,1,30,0,'www.yahoo.com',NULL,0,NULL,'0000-00-00 00:00:00',0,'2018-04-21 06:11:14',152431627430239900),(3,'2018-04-21 13:11:14','INSERT',0,'Variant_B',1,1,NULL,1,20,0,'www.cnn.com',NULL,0,NULL,'0000-00-00 00:00:00',0,'2018-04-21 06:11:14',152431627430239900),(4,'2018-04-21 13:11:14','INSERT',0,'Control',1,4,NULL,2,50,0,'www.google.com',NULL,0,NULL,'0000-00-00 00:00:00',0,'2018-04-21 06:11:14',152431627435683100),(5,'2018-04-21 13:11:14','INSERT',0,'Variant_A',1,4,NULL,2,30,0,'www.yahoo.com',NULL,0,NULL,'0000-00-00 00:00:00',0,'2018-04-21 06:11:14',152431627435683100),(6,'2018-04-21 13:11:14','INSERT',0,'Variant_B',1,4,NULL,2,20,0,'www.cnn.com',NULL,0,NULL,'0000-00-00 00:00:00',0,'2018-04-21 06:11:14',152431627435683100),(7,'2018-04-21 13:11:14','UPDATE',4,'Control',2,7,NULL,2,100,1,'www.google.com',NULL,0,NULL,'0000-00-00 00:00:00',0,'2018-04-21 06:11:14',152431627435683100),(8,'2018-04-21 13:11:14','UPDATE',5,'Variant_A',2,7,NULL,2,0,0,'www.yahoo.com',NULL,0,NULL,'0000-00-00 00:00:00',0,'2018-04-21 06:11:14',152431627435683100),(9,'2018-04-21 13:11:14','UPDATE',6,'Variant_B',2,7,NULL,2,0,0,'www.cnn.com',NULL,0,NULL,'0000-00-00 00:00:00',0,'2018-04-21 06:11:14',152431627435683100),(10,'2018-04-21 13:11:14','INSERT',0,'Control',1,9,NULL,3,50,0,'www.google.com',NULL,0,NULL,'0000-00-00 00:00:00',0,'2018-04-21 06:11:14',152431627446077800),(11,'2018-04-21 13:11:14','INSERT',0,'Variant_A',1,9,NULL,3,30,0,'www.yahoo.com',NULL,0,NULL,'0000-00-00 00:00:00',0,'2018-04-21 06:11:14',152431627446077800),(12,'2018-04-21 13:11:14','INSERT',0,'Variant_B',1,9,NULL,3,20,0,'www.cnn.com',NULL,0,NULL,'0000-00-00 00:00:00',0,'2018-04-21 06:11:14',152431627446077800),(13,'2018-04-21 13:11:14','INSERT',0,'Control',1,12,NULL,4,50,0,'www.google.com',NULL,0,NULL,'0000-00-00 00:00:00',0,'2018-04-21 06:11:14',152431627451927100),(14,'2018-04-21 13:11:14','INSERT',0,'Variant_A',1,12,NULL,4,30,0,'www.yahoo.com',NULL,0,NULL,'0000-00-00 00:00:00',0,'2018-04-21 06:11:14',152431627451927100),(15,'2018-04-21 13:11:14','INSERT',0,'Variant_B',1,12,NULL,4,20,0,'www.cnn.com',NULL,0,NULL,'0000-00-00 00:00:00',0,'2018-04-21 06:11:14',152431627451927100),(16,'2018-04-21 13:11:14','UPDATE',10,'Control',2,15,NULL,4,100,1,'www.google.com',NULL,0,NULL,'0000-00-00 00:00:00',0,'2018-04-21 06:11:14',152431627451927100),(17,'2018-04-21 13:11:14','UPDATE',11,'Variant_A',2,15,NULL,4,0,0,'www.yahoo.com',NULL,0,NULL,'0000-00-00 00:00:00',0,'2018-04-21 06:11:14',152431627451927100),(18,'2018-04-21 13:11:14','UPDATE',12,'Variant_B',2,15,NULL,4,0,0,'www.cnn.com',NULL,0,NULL,'0000-00-00 00:00:00',0,'2018-04-21 06:11:14',152431627451927100),(19,'2018-04-21 13:11:14','INSERT',0,'Control',1,17,NULL,5,50,0,'www.google.com',NULL,0,NULL,'0000-00-00 00:00:00',0,'2018-04-21 06:11:14',152431627463444700),(20,'2018-04-21 13:11:14','INSERT',0,'Variant_A',1,17,NULL,5,30,0,'www.yahoo.com',NULL,0,NULL,'0000-00-00 00:00:00',0,'2018-04-21 06:11:14',152431627463444700),(21,'2018-04-21 13:11:14','INSERT',0,'Variant_B',1,17,NULL,5,20,0,'www.cnn.com',NULL,0,NULL,'0000-00-00 00:00:00',0,'2018-04-21 06:11:14',152431627463444700),(22,'2018-04-21 13:11:14','INSERT',0,'Control',1,20,NULL,6,50,0,'www.google.com',NULL,0,NULL,'0000-00-00 00:00:00',0,'2018-04-21 06:11:14',152431627469223500),(23,'2018-04-21 13:11:14','INSERT',0,'Variant_A',1,20,NULL,6,30,0,'www.yahoo.com',NULL,0,NULL,'0000-00-00 00:00:00',0,'2018-04-21 06:11:14',152431627469223500),(24,'2018-04-21 13:11:14','INSERT',0,'Variant_B',1,20,NULL,6,20,0,'www.cnn.com',NULL,0,NULL,'0000-00-00 00:00:00',0,'2018-04-21 06:11:14',152431627469223500),(25,'2018-04-21 13:11:14','UPDATE',16,'Control',2,23,NULL,6,100,1,'www.google.com',NULL,0,NULL,'0000-00-00 00:00:00',0,'2018-04-21 06:11:14',152431627469223500),(26,'2018-04-21 13:11:14','UPDATE',17,'Variant_A',2,23,NULL,6,0,0,'www.yahoo.com',NULL,0,NULL,'0000-00-00 00:00:00',0,'2018-04-21 06:11:14',152431627469223500),(27,'2018-04-21 13:11:14','UPDATE',18,'Variant_B',2,23,NULL,6,0,0,'www.cnn.com',NULL,0,NULL,'0000-00-00 00:00:00',0,'2018-04-21 06:11:14',152431627469223500),(28,'2018-04-21 13:11:14','INSERT',0,'Control',1,25,NULL,7,50,0,'www.google.com',NULL,0,NULL,'0000-00-00 00:00:00',0,'2018-04-21 06:11:14',152431627478894800),(29,'2018-04-21 13:11:14','INSERT',0,'Variant_A',1,25,NULL,7,30,0,'www.yahoo.com',NULL,0,NULL,'0000-00-00 00:00:00',0,'2018-04-21 06:11:14',152431627478894800),(30,'2018-04-21 13:11:14','INSERT',0,'Variant_B',1,25,NULL,7,20,0,'www.cnn.com',NULL,0,NULL,'0000-00-00 00:00:00',0,'2018-04-21 06:11:14',152431627478894800),(31,'2018-04-21 13:11:14','INSERT',0,'Control',1,28,NULL,8,50,0,'www.google.com',NULL,0,NULL,'0000-00-00 00:00:00',0,'2018-04-21 06:11:14',152431627484473200),(32,'2018-04-21 13:11:14','INSERT',0,'Variant_A',1,28,NULL,8,30,0,'www.yahoo.com',NULL,0,NULL,'0000-00-00 00:00:00',0,'2018-04-21 06:11:14',152431627484473200),(33,'2018-04-21 13:11:14','INSERT',0,'Variant_B',1,28,NULL,8,20,0,'www.cnn.com',NULL,0,NULL,'0000-00-00 00:00:00',0,'2018-04-21 06:11:14',152431627484473200),(34,'2018-04-21 13:11:14','UPDATE',22,'Control',2,31,NULL,8,100,1,'www.google.com',NULL,0,NULL,'0000-00-00 00:00:00',0,'2018-04-21 06:11:14',152431627484473200),(35,'2018-04-21 13:11:14','UPDATE',23,'Variant_A',2,31,NULL,8,0,0,'www.yahoo.com',NULL,0,NULL,'0000-00-00 00:00:00',0,'2018-04-21 06:11:14',152431627484473200),(36,'2018-04-21 13:11:14','UPDATE',24,'Variant_B',2,31,NULL,8,0,0,'www.cnn.com',NULL,0,NULL,'0000-00-00 00:00:00',0,'2018-04-21 06:11:14',152431627484473200),(37,'2018-04-21 13:11:14','INSERT',0,'Control',1,33,NULL,9,50,0,'www.google.com',NULL,0,NULL,'0000-00-00 00:00:00',0,'2018-04-21 06:11:14',152431627496291500),(38,'2018-04-21 13:11:14','INSERT',0,'Variant_A',1,33,NULL,9,30,0,'www.yahoo.com',NULL,0,NULL,'0000-00-00 00:00:00',0,'2018-04-21 06:11:14',152431627496291500),(39,'2018-04-21 13:11:14','INSERT',0,'Variant_B',1,33,NULL,9,20,0,'www.cnn.com',NULL,0,NULL,'0000-00-00 00:00:00',0,'2018-04-21 06:11:14',152431627496291500),(40,'2018-04-21 13:11:15','INSERT',0,'Control',1,36,NULL,10,50,0,'www.google.com',NULL,0,NULL,'0000-00-00 00:00:00',0,'2018-04-21 06:11:15',152431627501150500),(41,'2018-04-21 13:11:15','INSERT',0,'Variant_A',1,36,NULL,10,30,0,'www.yahoo.com',NULL,0,NULL,'0000-00-00 00:00:00',0,'2018-04-21 06:11:15',152431627501150500),(42,'2018-04-21 13:11:15','INSERT',0,'Variant_B',1,36,NULL,10,20,0,'www.cnn.com',NULL,0,NULL,'0000-00-00 00:00:00',0,'2018-04-21 06:11:15',152431627501150500),(43,'2018-04-21 13:11:15','UPDATE',28,'Control',2,39,NULL,10,100,1,'www.google.com',NULL,0,NULL,'0000-00-00 00:00:00',0,'2018-04-21 06:11:15',152431627501150500),(44,'2018-04-21 13:11:15','UPDATE',29,'Variant_A',2,39,NULL,10,0,0,'www.yahoo.com',NULL,0,NULL,'0000-00-00 00:00:00',0,'2018-04-21 06:11:15',152431627501150500),(45,'2018-04-21 13:11:15','UPDATE',30,'Variant_B',2,39,NULL,10,0,0,'www.cnn.com',NULL,0,NULL,'0000-00-00 00:00:00',0,'2018-04-21 06:11:15',152431627501150500);
/*!40000 ALTER TABLE `log_variant` ENABLE KEYS */;
UNLOCK TABLES;

--
-- Table structure for table `request_rts`
--

DROP TABLE IF EXISTS `request_rts`;
/*!40101 SET @saved_cs_client     = @@character_set_client */;
/*!40101 SET character_set_client = utf8 */;
CREATE TABLE `request_rts` (
  `id` int(8) NOT NULL AUTO_INCREMENT,
  `server_address` varchar(32) NOT NULL,
  `server_port` int(8) NOT NULL,
  `created_at` datetime NOT NULL,
  `t_create` bigint(20) NOT NULL DEFAULT '0',
  `payload` varchar(4096) DEFAULT NULL,
  `msg_stdout` varchar(4096) DEFAULT NULL,
  `msg_stderr` varchar(4096) DEFAULT NULL,
  `status_code` int(8) NOT NULL DEFAULT '200',
  PRIMARY KEY (`id`)
) ENGINE=InnoDB DEFAULT CHARSET=utf8;
/*!40101 SET character_set_client = @saved_cs_client */;

--
-- Dumping data for table `request_rts`
--

LOCK TABLES `request_rts` WRITE;
/*!40000 ALTER TABLE `request_rts` DISABLE KEYS */;
/*!40000 ALTER TABLE `request_rts` ENABLE KEYS */;
UNLOCK TABLES;

--
-- Table structure for table `request_webapp`
--

DROP TABLE IF EXISTS `request_webapp`;
/*!40101 SET @saved_cs_client     = @@character_set_client */;
/*!40101 SET character_set_client = utf8 */;
CREATE TABLE `request_webapp` (
  `id` int(8) NOT NULL AUTO_INCREMENT,
  `created_at` datetime NOT NULL,
  `t_create` bigint(20) NOT NULL DEFAULT '0',
  `payload` varchar(4096) DEFAULT NULL,
  `api_id` int(8) NOT NULL,
  `msg_stdout` varchar(4096) DEFAULT NULL,
  `msg_stderr` varchar(4096) DEFAULT NULL,
  `status_code` int(8) NOT NULL DEFAULT '200',
  PRIMARY KEY (`id`),
  KEY `fk_api_id` (`api_id`),
  CONSTRAINT `fk_api_id` FOREIGN KEY (`api_id`) REFERENCES `api` (`id`)
) ENGINE=InnoDB AUTO_INCREMENT=41 DEFAULT CHARSET=utf8;
/*!40101 SET character_set_client = @saved_cs_client */;

--
-- Dumping data for table `request_webapp`
--

LOCK TABLES `request_webapp` WRITE;
/*!40000 ALTER TABLE `request_webapp` DISABLE KEYS */;
INSERT INTO `request_webapp` VALUES (1,'2018-04-21 06:11:14',152431627430239900,'{\"TestType\":\"XYTest\",\"Channel\":\"facebook\",\"BinType\":\"anonymous\",\"description\":\"some bogus description\",\"Creator\":\"joe\",\"name\":\"T1\",\"id\":\"\",\"Variants\":[{\"name\":\"Control\",\"percentage\":\"50\",\"url\":\"www.google.com\"},{\"name\":\"Variant_A\",\"percentage\":\"30\",\"url\":\"www.yahoo.com\"},{\"id\":\"300\",\"name\":\"Variant_B\",\"percentage\":\"20\",\"url\":\"www.cnn.com\"}]}',1,'Test [T1] with ID [1] inserted',NULL,200),(2,'2018-04-21 06:11:14',152431627433769000,'{\"id\":\"1\",\"name\":\"T1\",\"api_id\":\"1\",\"request_webapp_id\":\"1\",\"test_type_id\":\"2\",\"bin_type_id\":\"1\",\"pred_id\":null,\"channel_id\":\"5\",\"description\":\"some bogus description\",\"is_dev_specific\":\"0\",\"has_filters\":\"0\",\"seed\":\"240472819087472407\",\"external_id\":\"152431627430239900\",\"created_at\":\"2018-04-21 06:11:14\",\"t_create\":\"152431627430239900\",\"updated_at\":\"2018-04-21 06:11:14\",\"t_update\":\"152431627430239900\",\"creator_id\":\"1\",\"updater_id\":\"1\",\"state_id\":\"1\",\"Creator\":\"joe\",\"TestType\":\"XYTest\",\"BinType\":\"anonymous\",\"State\":\"draft\",\"Channel\":\"facebook\",\"Variants\":[{\"id\":\"1\",\"name\":\"Control\",\"api_id\":\"1\",\"request_webapp_id\":\"1\",\"description\":null,\"test_id\":\"1\",\"percentage\":\"50\",\"is_final\":\"0\",\"url\":\"www.google.com\",\"custom_data\":null,\"is_del\":\"0\",\"pred_id\":null,\"created_at\":\"0000-00-00 00:00:00\",\"t_create\":\"0\",\"updated_at\":\"2018-04-21 06:11:14\",\"t_update\":\"152431627430239900\"},{\"id\":\"2\",\"name\":\"Variant_A\",\"api_id\":\"1\",\"request_webapp_id\":\"1\",\"description\":null,\"test_id\":\"1\",\"percentage\":\"30\",\"is_final\":\"0\",\"url\":\"www.yahoo.com\",\"custom_data\":null,\"is_del\":\"0\",\"pred_id\":null,\"created_at\":\"0000-00-00 00:00:00\",\"t_create\":\"0\",\"updated_at\":\"2018-04-21 06:11:14\",\"t_update\":\"152431627430239900\"},{\"id\":\"3\",\"name\":\"Variant_B\",\"api_id\":\"1\",\"request_webapp_id\":\"1\",\"description\":null,\"test_id\":\"1\",\"percentage\":\"20\",\"is_final\":\"0\",\"url\":\"www.cnn.com\",\"custom_data\":null,\"is_del\":\"0\",\"pred_id\":null,\"created_at\":\"0000-00-00 00:00:00\",\"t_create\":\"0\",\"updated_at\":\"2018-04-21 06:11:14\",\"t_update\":\"152431627430239900\"}],\"CatAttrValTest\":[{\"id\":\"1\",\"api_id\":\"1\",\"request_webapp_id\":\"1\",\"test_id\":\"1\",\"attr_id\":\"1\",\"cat_attr_val_id\":\"1\",\"is_on\":\"0\"},{\"id\":\"2\",\"api_id\":\"1\",\"request_webapp_id\":\"1\",\"test_id\":\"1\",\"attr_id\":\"1\",\"cat_attr_val_id\":\"2\",\"is_on\":\"0\"},{\"id\":\"3\",\"api_id\":\"1\",\"request_webapp_id\":\"1\",\"test_id\":\"1\",\"attr_id\":\"1\",\"cat_attr_val_id\":\"3\",\"is_on\":\"0\"}],\"BoolAttrTest\":[{\"id\":\"1\",\"api_id\":\"1\",\"request_webapp_id\":\"1\",\"attr_id\":\"2\",\"test_id\":\"1\",\"val\":\"0\",\"is_on\":\"0\"}],\"DeviceCrossVariant\":{\"Desktop\":[{\"id\":\"1\",\"api_id\":\"1\",\"request_webapp_id\":\"1\",\"device_id\":\"1\",\"variant_id\":\"1\",\"test_id\":\"1\",\"percentage\":\"50\"},{\"id\":\"2\",\"api_id\":\"1\",\"request_webapp_id\":\"1\",\"device_id\":\"1\",\"variant_id\":\"2\",\"test_id\":\"1\",\"percentage\":\"30\"},{\"id\":\"3\",\"api_id\":\"1\",\"request_webapp_id\":\"1\",\"device_id\":\"1\",\"variant_id\":\"3\",\"test_id\":\"1\",\"percentage\":\"20\"}],\"Mobile_iOS\":[{\"id\":\"4\",\"api_id\":\"1\",\"request_webapp_id\":\"1\",\"device_id\":\"2\",\"variant_id\":\"1\",\"test_id\":\"1\",\"percentage\":\"50\"},{\"id\":\"5\",\"api_id\":\"1\",\"request_webapp_id\":\"1\",\"device_id\":\"2\",\"variant_id\":\"2\",\"test_id\":\"1\",\"percentage\":\"30\"},{\"id\":\"6\",\"api_id\":\"1\",\"request_webapp_id\":\"1\",\"device_id\":\"2\",\"variant_id\":\"3\",\"test_id\":\"1\",\"percentage\":\"20\"}],\"Mobile_Android\":[{\"id\":\"7\",\"api_id\":\"1\",\"request_webapp_id\":\"1\",\"device_id\":\"3\",\"variant_id\":\"1\",\"test_id\":\"1\",\"percentage\":\"50\"},{\"id\":\"8\",\"api_id\":\"1\",\"request_webapp_id\":\"1\",\"device_id\":\"3\",\"variant_id\":\"2\",\"test_id\":\"1\",\"percentage\":\"30\"},{\"id\":\"9\",\"api_id\":\"1\",\"request_webapp_id\":\"1\",\"device_id\":\"3\",\"variant_id\":\"3\",\"test_id\":\"1\",\"percentage\":\"20\"}],\"Tablet_iOS\":[{\"id\":\"10\",\"api_id\":\"1\",\"request_webapp_id\":\"1\",\"device_id\":\"4\",\"variant_id\":\"1\",\"test_id\":\"1\",\"percentage\":\"50\"},{\"id\":\"11\",\"api_id\":\"1\",\"request_webapp_id\":\"1\",\"device_id\":\"4\",\"variant_id\":\"2\",\"test_id\":\"1\",\"percentage\":\"30\"},{\"id\":\"12\",\"api_id\":\"1\",\"request_webapp_id\":\"1\",\"device_id\":\"4\",\"variant_id\":\"3\",\"test_id\":\"1\",\"percentage\":\"20\"}],\"Tablet_Android\":[{\"id\":\"13\",\"api_id\":\"1\",\"request_webapp_id\":\"1\",\"device_id\":\"5\",\"variant_id\":\"1\",\"test_id\":\"1\",\"percentage\":\"50\"},{\"id\":\"14\",\"api_id\":\"1\",\"request_webapp_id\":\"1\",\"device_id\":\"5\",\"variant_id\":\"2\",\"test_id\":\"1\",\"percentage\":\"30\"},{\"id\":\"15\",\"api_id\":\"1\",\"request_webapp_id\":\"1\",\"device_id\":\"5\",\"variant_id\":\"3\",\"test_id\":\"1\",\"percentage\":\"20\"}],\"Other\":[{\"id\":\"16\",\"api_id\":\"1\",\"request_webapp_id\":\"1\",\"device_id\":\"6\",\"variant_id\":\"1\",\"test_id\":\"1\",\"percentage\":\"50\"},{\"id\":\"17\",\"api_id\":\"1\",\"request_webapp_id\":\"1\",\"device_id\":\"6\",\"variant_id\":\"2\",\"test_id\":\"1\",\"percentage\":\"30\"},{\"id\":\"18\",\"api_id\":\"1\",\"request_webapp_id\":\"1\",\"device_id\":\"6\",\"variant_id\":',2,NULL,NULL,200),(3,'2018-04-21 06:11:14',152431627434928700,'{\"id\":\"1\",\"name\":\"T1\",\"api_id\":\"2\",\"request_webapp_id\":\"2\",\"test_type_id\":\"2\",\"bin_type_id\":\"1\",\"pred_id\":null,\"channel_id\":\"5\",\"description\":\"some bogus description\",\"is_dev_specific\":\"0\",\"has_filters\":\"0\",\"seed\":\"240472819087472407\",\"external_id\":\"152431627430239900\",\"created_at\":\"2018-04-21 06:11:14\",\"t_create\":\"152431627430239900\",\"updated_at\":\"2018-04-21 06:11:14\",\"t_update\":\"152431627430239900\",\"creator_id\":\"1\",\"updater_id\":\"1\",\"state_id\":\"2\",\"Creator\":\"joe\",\"TestType\":\"XYTest\",\"BinType\":\"anonymous\",\"State\":\"dormant\",\"Channel\":\"facebook\",\"Variants\":[{\"id\":\"1\",\"name\":\"Control\",\"api_id\":\"1\",\"request_webapp_id\":\"1\",\"description\":null,\"test_id\":\"1\",\"percentage\":\"50\",\"is_final\":\"0\",\"url\":\"www.google.com\",\"custom_data\":null,\"is_del\":\"0\",\"pred_id\":null,\"created_at\":\"0000-00-00 00:00:00\",\"t_create\":\"0\",\"updated_at\":\"2018-04-21 06:11:14\",\"t_update\":\"152431627430239900\"},{\"id\":\"2\",\"name\":\"Variant_A\",\"api_id\":\"1\",\"request_webapp_id\":\"1\",\"description\":null,\"test_id\":\"1\",\"percentage\":\"30\",\"is_final\":\"0\",\"url\":\"www.yahoo.com\",\"custom_data\":null,\"is_del\":\"0\",\"pred_id\":null,\"created_at\":\"0000-00-00 00:00:00\",\"t_create\":\"0\",\"updated_at\":\"2018-04-21 06:11:14\",\"t_update\":\"152431627430239900\"},{\"id\":\"3\",\"name\":\"Variant_B\",\"api_id\":\"1\",\"request_webapp_id\":\"1\",\"description\":null,\"test_id\":\"1\",\"percentage\":\"20\",\"is_final\":\"0\",\"url\":\"www.cnn.com\",\"custom_data\":null,\"is_del\":\"0\",\"pred_id\":null,\"created_at\":\"0000-00-00 00:00:00\",\"t_create\":\"0\",\"updated_at\":\"2018-04-21 06:11:14\",\"t_update\":\"152431627430239900\"}],\"CatAttrValTest\":[{\"id\":\"1\",\"api_id\":\"1\",\"request_webapp_id\":\"1\",\"test_id\":\"1\",\"attr_id\":\"1\",\"cat_attr_val_id\":\"1\",\"is_on\":\"0\"},{\"id\":\"2\",\"api_id\":\"1\",\"request_webapp_id\":\"1\",\"test_id\":\"1\",\"attr_id\":\"1\",\"cat_attr_val_id\":\"2\",\"is_on\":\"0\"},{\"id\":\"3\",\"api_id\":\"1\",\"request_webapp_id\":\"1\",\"test_id\":\"1\",\"attr_id\":\"1\",\"cat_attr_val_id\":\"3\",\"is_on\":\"0\"}],\"BoolAttrTest\":[{\"id\":\"1\",\"api_id\":\"1\",\"request_webapp_id\":\"1\",\"attr_id\":\"2\",\"test_id\":\"1\",\"val\":\"0\",\"is_on\":\"0\"}],\"DeviceCrossVariant\":{\"Desktop\":[{\"id\":\"1\",\"api_id\":\"1\",\"request_webapp_id\":\"1\",\"device_id\":\"1\",\"variant_id\":\"1\",\"test_id\":\"1\",\"percentage\":\"50\"},{\"id\":\"2\",\"api_id\":\"1\",\"request_webapp_id\":\"1\",\"device_id\":\"1\",\"variant_id\":\"2\",\"test_id\":\"1\",\"percentage\":\"30\"},{\"id\":\"3\",\"api_id\":\"1\",\"request_webapp_id\":\"1\",\"device_id\":\"1\",\"variant_id\":\"3\",\"test_id\":\"1\",\"percentage\":\"20\"}],\"Mobile_iOS\":[{\"id\":\"4\",\"api_id\":\"1\",\"request_webapp_id\":\"1\",\"device_id\":\"2\",\"variant_id\":\"1\",\"test_id\":\"1\",\"percentage\":\"50\"},{\"id\":\"5\",\"api_id\":\"1\",\"request_webapp_id\":\"1\",\"device_id\":\"2\",\"variant_id\":\"2\",\"test_id\":\"1\",\"percentage\":\"30\"},{\"id\":\"6\",\"api_id\":\"1\",\"request_webapp_id\":\"1\",\"device_id\":\"2\",\"variant_id\":\"3\",\"test_id\":\"1\",\"percentage\":\"20\"}],\"Mobile_Android\":[{\"id\":\"7\",\"api_id\":\"1\",\"request_webapp_id\":\"1\",\"device_id\":\"3\",\"variant_id\":\"1\",\"test_id\":\"1\",\"percentage\":\"50\"},{\"id\":\"8\",\"api_id\":\"1\",\"request_webapp_id\":\"1\",\"device_id\":\"3\",\"variant_id\":\"2\",\"test_id\":\"1\",\"percentage\":\"30\"},{\"id\":\"9\",\"api_id\":\"1\",\"request_webapp_id\":\"1\",\"device_id\":\"3\",\"variant_id\":\"3\",\"test_id\":\"1\",\"percentage\":\"20\"}],\"Tablet_iOS\":[{\"id\":\"10\",\"api_id\":\"1\",\"request_webapp_id\":\"1\",\"device_id\":\"4\",\"variant_id\":\"1\",\"test_id\":\"1\",\"percentage\":\"50\"},{\"id\":\"11\",\"api_id\":\"1\",\"request_webapp_id\":\"1\",\"device_id\":\"4\",\"variant_id\":\"2\",\"test_id\":\"1\",\"percentage\":\"30\"},{\"id\":\"12\",\"api_id\":\"1\",\"request_webapp_id\":\"1\",\"device_id\":\"4\",\"variant_id\":\"3\",\"test_id\":\"1\",\"percentage\":\"20\"}],\"Tablet_Android\":[{\"id\":\"13\",\"api_id\":\"1\",\"request_webapp_id\":\"1\",\"device_id\":\"5\",\"variant_id\":\"1\",\"test_id\":\"1\",\"percentage\":\"50\"},{\"id\":\"14\",\"api_id\":\"1\",\"request_webapp_id\":\"1\",\"device_id\":\"5\",\"variant_id\":\"2\",\"test_id\":\"1\",\"percentage\":\"30\"},{\"id\":\"15\",\"api_id\":\"1\",\"request_webapp_id\":\"1\",\"device_id\":\"5\",\"variant_id\":\"3\",\"test_id\":\"1\",\"percentage\":\"20\"}],\"Other\":[{\"id\":\"16\",\"api_id\":\"1\",\"request_webapp_id\":\"1\",\"device_id\":\"6\",\"variant_id\":\"1\",\"test_id\":\"1\",\"percentage\":\"50\"},{\"id\":\"17\",\"api_id\":\"1\",\"request_webapp_id\":\"1\",\"device_id\":\"6\",\"variant_id\":\"2\",\"test_id\":\"1\",\"percentage\":\"30\"},{\"id\":\"18\",\"api_id\":\"1\",\"request_webapp_id\":\"1\",\"device_id\":\"6\",\"variant_id',2,NULL,NULL,200),(4,'2018-04-21 06:11:14',152431627435683100,'{\"TestType\":\"XYTest\",\"Channel\":\"facebook\",\"BinType\":\"anonymous\",\"description\":\"some bogus description\",\"Creator\":\"joe\",\"name\":\"T2\",\"id\":\"\",\"Variants\":[{\"name\":\"Control\",\"percentage\":\"50\",\"url\":\"www.google.com\"},{\"name\":\"Variant_A\",\"percentage\":\"30\",\"url\":\"www.yahoo.com\"},{\"id\":\"300\",\"name\":\"Variant_B\",\"percentage\":\"20\",\"url\":\"www.cnn.com\"}]}',1,'Test [T2] with ID [2] inserted',NULL,200),(5,'2018-04-21 06:11:14',152431627439522000,'{\"id\":\"2\",\"name\":\"T2\",\"api_id\":\"1\",\"request_webapp_id\":\"4\",\"test_type_id\":\"2\",\"bin_type_id\":\"1\",\"pred_id\":null,\"channel_id\":\"5\",\"description\":\"some bogus description\",\"is_dev_specific\":\"0\",\"has_filters\":\"0\",\"seed\":\"7246393171487833450\",\"external_id\":\"152431627435683100\",\"created_at\":\"2018-04-21 06:11:14\",\"t_create\":\"152431627435683100\",\"updated_at\":\"2018-04-21 06:11:14\",\"t_update\":\"152431627435683100\",\"creator_id\":\"1\",\"updater_id\":\"1\",\"state_id\":\"1\",\"Creator\":\"joe\",\"TestType\":\"XYTest\",\"BinType\":\"anonymous\",\"State\":\"draft\",\"Channel\":\"facebook\",\"Variants\":[{\"id\":\"4\",\"name\":\"Control\",\"api_id\":\"1\",\"request_webapp_id\":\"4\",\"description\":null,\"test_id\":\"2\",\"percentage\":\"50\",\"is_final\":\"0\",\"url\":\"www.google.com\",\"custom_data\":null,\"is_del\":\"0\",\"pred_id\":null,\"created_at\":\"0000-00-00 00:00:00\",\"t_create\":\"0\",\"updated_at\":\"2018-04-21 06:11:14\",\"t_update\":\"152431627435683100\"},{\"id\":\"5\",\"name\":\"Variant_A\",\"api_id\":\"1\",\"request_webapp_id\":\"4\",\"description\":null,\"test_id\":\"2\",\"percentage\":\"30\",\"is_final\":\"0\",\"url\":\"www.yahoo.com\",\"custom_data\":null,\"is_del\":\"0\",\"pred_id\":null,\"created_at\":\"0000-00-00 00:00:00\",\"t_create\":\"0\",\"updated_at\":\"2018-04-21 06:11:14\",\"t_update\":\"152431627435683100\"},{\"id\":\"6\",\"name\":\"Variant_B\",\"api_id\":\"1\",\"request_webapp_id\":\"4\",\"description\":null,\"test_id\":\"2\",\"percentage\":\"20\",\"is_final\":\"0\",\"url\":\"www.cnn.com\",\"custom_data\":null,\"is_del\":\"0\",\"pred_id\":null,\"created_at\":\"0000-00-00 00:00:00\",\"t_create\":\"0\",\"updated_at\":\"2018-04-21 06:11:14\",\"t_update\":\"152431627435683100\"}],\"CatAttrValTest\":[{\"id\":\"4\",\"api_id\":\"1\",\"request_webapp_id\":\"4\",\"test_id\":\"2\",\"attr_id\":\"1\",\"cat_attr_val_id\":\"1\",\"is_on\":\"0\"},{\"id\":\"5\",\"api_id\":\"1\",\"request_webapp_id\":\"4\",\"test_id\":\"2\",\"attr_id\":\"1\",\"cat_attr_val_id\":\"2\",\"is_on\":\"0\"},{\"id\":\"6\",\"api_id\":\"1\",\"request_webapp_id\":\"4\",\"test_id\":\"2\",\"attr_id\":\"1\",\"cat_attr_val_id\":\"3\",\"is_on\":\"0\"}],\"BoolAttrTest\":[{\"id\":\"2\",\"api_id\":\"1\",\"request_webapp_id\":\"4\",\"attr_id\":\"2\",\"test_id\":\"2\",\"val\":\"0\",\"is_on\":\"0\"}],\"DeviceCrossVariant\":{\"Desktop\":[{\"id\":\"19\",\"api_id\":\"1\",\"request_webapp_id\":\"4\",\"device_id\":\"1\",\"variant_id\":\"4\",\"test_id\":\"2\",\"percentage\":\"50\"},{\"id\":\"20\",\"api_id\":\"1\",\"request_webapp_id\":\"4\",\"device_id\":\"1\",\"variant_id\":\"5\",\"test_id\":\"2\",\"percentage\":\"30\"},{\"id\":\"21\",\"api_id\":\"1\",\"request_webapp_id\":\"4\",\"device_id\":\"1\",\"variant_id\":\"6\",\"test_id\":\"2\",\"percentage\":\"20\"}],\"Mobile_iOS\":[{\"id\":\"22\",\"api_id\":\"1\",\"request_webapp_id\":\"4\",\"device_id\":\"2\",\"variant_id\":\"4\",\"test_id\":\"2\",\"percentage\":\"50\"},{\"id\":\"23\",\"api_id\":\"1\",\"request_webapp_id\":\"4\",\"device_id\":\"2\",\"variant_id\":\"5\",\"test_id\":\"2\",\"percentage\":\"30\"},{\"id\":\"24\",\"api_id\":\"1\",\"request_webapp_id\":\"4\",\"device_id\":\"2\",\"variant_id\":\"6\",\"test_id\":\"2\",\"percentage\":\"20\"}],\"Mobile_Android\":[{\"id\":\"25\",\"api_id\":\"1\",\"request_webapp_id\":\"4\",\"device_id\":\"3\",\"variant_id\":\"4\",\"test_id\":\"2\",\"percentage\":\"50\"},{\"id\":\"26\",\"api_id\":\"1\",\"request_webapp_id\":\"4\",\"device_id\":\"3\",\"variant_id\":\"5\",\"test_id\":\"2\",\"percentage\":\"30\"},{\"id\":\"27\",\"api_id\":\"1\",\"request_webapp_id\":\"4\",\"device_id\":\"3\",\"variant_id\":\"6\",\"test_id\":\"2\",\"percentage\":\"20\"}],\"Tablet_iOS\":[{\"id\":\"28\",\"api_id\":\"1\",\"request_webapp_id\":\"4\",\"device_id\":\"4\",\"variant_id\":\"4\",\"test_id\":\"2\",\"percentage\":\"50\"},{\"id\":\"29\",\"api_id\":\"1\",\"request_webapp_id\":\"4\",\"device_id\":\"4\",\"variant_id\":\"5\",\"test_id\":\"2\",\"percentage\":\"30\"},{\"id\":\"30\",\"api_id\":\"1\",\"request_webapp_id\":\"4\",\"device_id\":\"4\",\"variant_id\":\"6\",\"test_id\":\"2\",\"percentage\":\"20\"}],\"Tablet_Android\":[{\"id\":\"31\",\"api_id\":\"1\",\"request_webapp_id\":\"4\",\"device_id\":\"5\",\"variant_id\":\"4\",\"test_id\":\"2\",\"percentage\":\"50\"},{\"id\":\"32\",\"api_id\":\"1\",\"request_webapp_id\":\"4\",\"device_id\":\"5\",\"variant_id\":\"5\",\"test_id\":\"2\",\"percentage\":\"30\"},{\"id\":\"33\",\"api_id\":\"1\",\"request_webapp_id\":\"4\",\"device_id\":\"5\",\"variant_id\":\"6\",\"test_id\":\"2\",\"percentage\":\"20\"}],\"Other\":[{\"id\":\"34\",\"api_id\":\"1\",\"request_webapp_id\":\"4\",\"device_id\":\"6\",\"variant_id\":\"4\",\"test_id\":\"2\",\"percentage\":\"50\"},{\"id\":\"35\",\"api_id\":\"1\",\"request_webapp_id\":\"4\",\"device_id\":\"6\",\"variant_id\":\"5\",\"test_id\":\"2\",\"percentage\":\"30\"},{\"id\":\"36\",\"api_id\":\"1\",\"request_webapp_id\":\"4\",\"device_id\":\"6\",\"va',2,NULL,NULL,200),(6,'2018-04-21 06:11:14',152431627441600900,'{\"id\":\"2\",\"name\":\"T2\",\"api_id\":\"2\",\"request_webapp_id\":\"5\",\"test_type_id\":\"2\",\"bin_type_id\":\"1\",\"pred_id\":null,\"channel_id\":\"5\",\"description\":\"some bogus description\",\"is_dev_specific\":\"0\",\"has_filters\":\"0\",\"seed\":\"7246393171487833450\",\"external_id\":\"152431627435683100\",\"created_at\":\"2018-04-21 06:11:14\",\"t_create\":\"152431627435683100\",\"updated_at\":\"2018-04-21 06:11:14\",\"t_update\":\"152431627435683100\",\"creator_id\":\"1\",\"updater_id\":\"1\",\"state_id\":\"2\",\"Creator\":\"joe\",\"TestType\":\"XYTest\",\"BinType\":\"anonymous\",\"State\":\"dormant\",\"Channel\":\"facebook\",\"Variants\":[{\"id\":\"4\",\"name\":\"Control\",\"api_id\":\"1\",\"request_webapp_id\":\"4\",\"description\":null,\"test_id\":\"2\",\"percentage\":\"50\",\"is_final\":\"0\",\"url\":\"www.google.com\",\"custom_data\":null,\"is_del\":\"0\",\"pred_id\":null,\"created_at\":\"0000-00-00 00:00:00\",\"t_create\":\"0\",\"updated_at\":\"2018-04-21 06:11:14\",\"t_update\":\"152431627435683100\"},{\"id\":\"5\",\"name\":\"Variant_A\",\"api_id\":\"1\",\"request_webapp_id\":\"4\",\"description\":null,\"test_id\":\"2\",\"percentage\":\"30\",\"is_final\":\"0\",\"url\":\"www.yahoo.com\",\"custom_data\":null,\"is_del\":\"0\",\"pred_id\":null,\"created_at\":\"0000-00-00 00:00:00\",\"t_create\":\"0\",\"updated_at\":\"2018-04-21 06:11:14\",\"t_update\":\"152431627435683100\"},{\"id\":\"6\",\"name\":\"Variant_B\",\"api_id\":\"1\",\"request_webapp_id\":\"4\",\"description\":null,\"test_id\":\"2\",\"percentage\":\"20\",\"is_final\":\"0\",\"url\":\"www.cnn.com\",\"custom_data\":null,\"is_del\":\"0\",\"pred_id\":null,\"created_at\":\"0000-00-00 00:00:00\",\"t_create\":\"0\",\"updated_at\":\"2018-04-21 06:11:14\",\"t_update\":\"152431627435683100\"}],\"CatAttrValTest\":[{\"id\":\"4\",\"api_id\":\"1\",\"request_webapp_id\":\"4\",\"test_id\":\"2\",\"attr_id\":\"1\",\"cat_attr_val_id\":\"1\",\"is_on\":\"0\"},{\"id\":\"5\",\"api_id\":\"1\",\"request_webapp_id\":\"4\",\"test_id\":\"2\",\"attr_id\":\"1\",\"cat_attr_val_id\":\"2\",\"is_on\":\"0\"},{\"id\":\"6\",\"api_id\":\"1\",\"request_webapp_id\":\"4\",\"test_id\":\"2\",\"attr_id\":\"1\",\"cat_attr_val_id\":\"3\",\"is_on\":\"0\"}],\"BoolAttrTest\":[{\"id\":\"2\",\"api_id\":\"1\",\"request_webapp_id\":\"4\",\"attr_id\":\"2\",\"test_id\":\"2\",\"val\":\"0\",\"is_on\":\"0\"}],\"DeviceCrossVariant\":{\"Desktop\":[{\"id\":\"19\",\"api_id\":\"1\",\"request_webapp_id\":\"4\",\"device_id\":\"1\",\"variant_id\":\"4\",\"test_id\":\"2\",\"percentage\":\"50\"},{\"id\":\"20\",\"api_id\":\"1\",\"request_webapp_id\":\"4\",\"device_id\":\"1\",\"variant_id\":\"5\",\"test_id\":\"2\",\"percentage\":\"30\"},{\"id\":\"21\",\"api_id\":\"1\",\"request_webapp_id\":\"4\",\"device_id\":\"1\",\"variant_id\":\"6\",\"test_id\":\"2\",\"percentage\":\"20\"}],\"Mobile_iOS\":[{\"id\":\"22\",\"api_id\":\"1\",\"request_webapp_id\":\"4\",\"device_id\":\"2\",\"variant_id\":\"4\",\"test_id\":\"2\",\"percentage\":\"50\"},{\"id\":\"23\",\"api_id\":\"1\",\"request_webapp_id\":\"4\",\"device_id\":\"2\",\"variant_id\":\"5\",\"test_id\":\"2\",\"percentage\":\"30\"},{\"id\":\"24\",\"api_id\":\"1\",\"request_webapp_id\":\"4\",\"device_id\":\"2\",\"variant_id\":\"6\",\"test_id\":\"2\",\"percentage\":\"20\"}],\"Mobile_Android\":[{\"id\":\"25\",\"api_id\":\"1\",\"request_webapp_id\":\"4\",\"device_id\":\"3\",\"variant_id\":\"4\",\"test_id\":\"2\",\"percentage\":\"50\"},{\"id\":\"26\",\"api_id\":\"1\",\"request_webapp_id\":\"4\",\"device_id\":\"3\",\"variant_id\":\"5\",\"test_id\":\"2\",\"percentage\":\"30\"},{\"id\":\"27\",\"api_id\":\"1\",\"request_webapp_id\":\"4\",\"device_id\":\"3\",\"variant_id\":\"6\",\"test_id\":\"2\",\"percentage\":\"20\"}],\"Tablet_iOS\":[{\"id\":\"28\",\"api_id\":\"1\",\"request_webapp_id\":\"4\",\"device_id\":\"4\",\"variant_id\":\"4\",\"test_id\":\"2\",\"percentage\":\"50\"},{\"id\":\"29\",\"api_id\":\"1\",\"request_webapp_id\":\"4\",\"device_id\":\"4\",\"variant_id\":\"5\",\"test_id\":\"2\",\"percentage\":\"30\"},{\"id\":\"30\",\"api_id\":\"1\",\"request_webapp_id\":\"4\",\"device_id\":\"4\",\"variant_id\":\"6\",\"test_id\":\"2\",\"percentage\":\"20\"}],\"Tablet_Android\":[{\"id\":\"31\",\"api_id\":\"1\",\"request_webapp_id\":\"4\",\"device_id\":\"5\",\"variant_id\":\"4\",\"test_id\":\"2\",\"percentage\":\"50\"},{\"id\":\"32\",\"api_id\":\"1\",\"request_webapp_id\":\"4\",\"device_id\":\"5\",\"variant_id\":\"5\",\"test_id\":\"2\",\"percentage\":\"30\"},{\"id\":\"33\",\"api_id\":\"1\",\"request_webapp_id\":\"4\",\"device_id\":\"5\",\"variant_id\":\"6\",\"test_id\":\"2\",\"percentage\":\"20\"}],\"Other\":[{\"id\":\"34\",\"api_id\":\"1\",\"request_webapp_id\":\"4\",\"device_id\":\"6\",\"variant_id\":\"4\",\"test_id\":\"2\",\"percentage\":\"50\"},{\"id\":\"35\",\"api_id\":\"1\",\"request_webapp_id\":\"4\",\"device_id\":\"6\",\"variant_id\":\"5\",\"test_id\":\"2\",\"percentage\":\"30\"},{\"id\":\"36\",\"api_id\":\"1\",\"request_webapp_id\":\"4\",\"device_id\":\"6\",\"',2,NULL,NULL,200),(7,'2018-04-21 06:11:14',152431627443686500,'{\"id\":\"2\",\"name\":\"T2\",\"api_id\":\"2\",\"request_webapp_id\":\"6\",\"test_type_id\":\"2\",\"bin_type_id\":\"1\",\"pred_id\":null,\"channel_id\":\"5\",\"description\":\"some bogus description\",\"is_dev_specific\":\"0\",\"has_filters\":\"0\",\"seed\":\"7246393171487833450\",\"external_id\":\"152431627435683100\",\"created_at\":\"2018-04-21 06:11:14\",\"t_create\":\"152431627435683100\",\"updated_at\":\"2018-04-21 06:11:14\",\"t_update\":\"152431627435683100\",\"creator_id\":\"1\",\"updater_id\":\"1\",\"state_id\":\"3\",\"Creator\":\"joe\",\"TestType\":\"XYTest\",\"BinType\":\"anonymous\",\"State\":\"started\",\"Channel\":\"facebook\",\"Variants\":[{\"id\":\"4\",\"name\":\"Control\",\"api_id\":\"1\",\"request_webapp_id\":\"4\",\"description\":null,\"test_id\":\"2\",\"percentage\":\"50\",\"is_final\":\"0\",\"url\":\"www.google.com\",\"custom_data\":null,\"is_del\":\"0\",\"pred_id\":null,\"created_at\":\"0000-00-00 00:00:00\",\"t_create\":\"0\",\"updated_at\":\"2018-04-21 06:11:14\",\"t_update\":\"152431627435683100\"},{\"id\":\"5\",\"name\":\"Variant_A\",\"api_id\":\"1\",\"request_webapp_id\":\"4\",\"description\":null,\"test_id\":\"2\",\"percentage\":\"30\",\"is_final\":\"0\",\"url\":\"www.yahoo.com\",\"custom_data\":null,\"is_del\":\"0\",\"pred_id\":null,\"created_at\":\"0000-00-00 00:00:00\",\"t_create\":\"0\",\"updated_at\":\"2018-04-21 06:11:14\",\"t_update\":\"152431627435683100\"},{\"id\":\"6\",\"name\":\"Variant_B\",\"api_id\":\"1\",\"request_webapp_id\":\"4\",\"description\":null,\"test_id\":\"2\",\"percentage\":\"20\",\"is_final\":\"0\",\"url\":\"www.cnn.com\",\"custom_data\":null,\"is_del\":\"0\",\"pred_id\":null,\"created_at\":\"0000-00-00 00:00:00\",\"t_create\":\"0\",\"updated_at\":\"2018-04-21 06:11:14\",\"t_update\":\"152431627435683100\"}],\"CatAttrValTest\":[{\"id\":\"4\",\"api_id\":\"1\",\"request_webapp_id\":\"4\",\"test_id\":\"2\",\"attr_id\":\"1\",\"cat_attr_val_id\":\"1\",\"is_on\":\"0\"},{\"id\":\"5\",\"api_id\":\"1\",\"request_webapp_id\":\"4\",\"test_id\":\"2\",\"attr_id\":\"1\",\"cat_attr_val_id\":\"2\",\"is_on\":\"0\"},{\"id\":\"6\",\"api_id\":\"1\",\"request_webapp_id\":\"4\",\"test_id\":\"2\",\"attr_id\":\"1\",\"cat_attr_val_id\":\"3\",\"is_on\":\"0\"}],\"BoolAttrTest\":[{\"id\":\"2\",\"api_id\":\"1\",\"request_webapp_id\":\"4\",\"attr_id\":\"2\",\"test_id\":\"2\",\"val\":\"0\",\"is_on\":\"0\"}],\"DeviceCrossVariant\":{\"Desktop\":[{\"id\":\"19\",\"api_id\":\"1\",\"request_webapp_id\":\"4\",\"device_id\":\"1\",\"variant_id\":\"4\",\"test_id\":\"2\",\"percentage\":\"50\"},{\"id\":\"20\",\"api_id\":\"1\",\"request_webapp_id\":\"4\",\"device_id\":\"1\",\"variant_id\":\"5\",\"test_id\":\"2\",\"percentage\":\"30\"},{\"id\":\"21\",\"api_id\":\"1\",\"request_webapp_id\":\"4\",\"device_id\":\"1\",\"variant_id\":\"6\",\"test_id\":\"2\",\"percentage\":\"20\"}],\"Mobile_iOS\":[{\"id\":\"22\",\"api_id\":\"1\",\"request_webapp_id\":\"4\",\"device_id\":\"2\",\"variant_id\":\"4\",\"test_id\":\"2\",\"percentage\":\"50\"},{\"id\":\"23\",\"api_id\":\"1\",\"request_webapp_id\":\"4\",\"device_id\":\"2\",\"variant_id\":\"5\",\"test_id\":\"2\",\"percentage\":\"30\"},{\"id\":\"24\",\"api_id\":\"1\",\"request_webapp_id\":\"4\",\"device_id\":\"2\",\"variant_id\":\"6\",\"test_id\":\"2\",\"percentage\":\"20\"}],\"Mobile_Android\":[{\"id\":\"25\",\"api_id\":\"1\",\"request_webapp_id\":\"4\",\"device_id\":\"3\",\"variant_id\":\"4\",\"test_id\":\"2\",\"percentage\":\"50\"},{\"id\":\"26\",\"api_id\":\"1\",\"request_webapp_id\":\"4\",\"device_id\":\"3\",\"variant_id\":\"5\",\"test_id\":\"2\",\"percentage\":\"30\"},{\"id\":\"27\",\"api_id\":\"1\",\"request_webapp_id\":\"4\",\"device_id\":\"3\",\"variant_id\":\"6\",\"test_id\":\"2\",\"percentage\":\"20\"}],\"Tablet_iOS\":[{\"id\":\"28\",\"api_id\":\"1\",\"request_webapp_id\":\"4\",\"device_id\":\"4\",\"variant_id\":\"4\",\"test_id\":\"2\",\"percentage\":\"50\"},{\"id\":\"29\",\"api_id\":\"1\",\"request_webapp_id\":\"4\",\"device_id\":\"4\",\"variant_id\":\"5\",\"test_id\":\"2\",\"percentage\":\"30\"},{\"id\":\"30\",\"api_id\":\"1\",\"request_webapp_id\":\"4\",\"device_id\":\"4\",\"variant_id\":\"6\",\"test_id\":\"2\",\"percentage\":\"20\"}],\"Tablet_Android\":[{\"id\":\"31\",\"api_id\":\"1\",\"request_webapp_id\":\"4\",\"device_id\":\"5\",\"variant_id\":\"4\",\"test_id\":\"2\",\"percentage\":\"50\"},{\"id\":\"32\",\"api_id\":\"1\",\"request_webapp_id\":\"4\",\"device_id\":\"5\",\"variant_id\":\"5\",\"test_id\":\"2\",\"percentage\":\"30\"},{\"id\":\"33\",\"api_id\":\"1\",\"request_webapp_id\":\"4\",\"device_id\":\"5\",\"variant_id\":\"6\",\"test_id\":\"2\",\"percentage\":\"20\"}],\"Other\":[{\"id\":\"34\",\"api_id\":\"1\",\"request_webapp_id\":\"4\",\"device_id\":\"6\",\"variant_id\":\"4\",\"test_id\":\"2\",\"percentage\":\"50\"},{\"id\":\"35\",\"api_id\":\"1\",\"request_webapp_id\":\"4\",\"device_id\":\"6\",\"variant_id\":\"5\",\"test_id\":\"2\",\"percentage\":\"30\"},{\"id\":\"36\",\"api_id\":\"1\",\"request_webapp_id\":\"4\",\"device_id\":\"6\",\"',2,NULL,NULL,200),(8,'2018-04-21 06:11:14',152431627445205600,'{\"id\":\"2\",\"name\":\"T2\",\"api_id\":\"2\",\"request_webapp_id\":\"7\",\"test_type_id\":\"2\",\"bin_type_id\":\"1\",\"pred_id\":null,\"channel_id\":\"5\",\"description\":\"some bogus description\",\"is_dev_specific\":\"0\",\"has_filters\":\"0\",\"seed\":\"7246393171487833450\",\"external_id\":\"152431627435683100\",\"created_at\":\"2018-04-21 06:11:14\",\"t_create\":\"152431627435683100\",\"updated_at\":\"2018-04-21 06:11:14\",\"t_update\":\"152431627435683100\",\"creator_id\":\"1\",\"updater_id\":\"1\",\"state_id\":\"4\",\"Creator\":\"joe\",\"TestType\":\"XYTest\",\"BinType\":\"anonymous\",\"State\":\"terminated\",\"Channel\":\"facebook\",\"Variants\":[{\"id\":\"4\",\"name\":\"Control\",\"api_id\":\"2\",\"request_webapp_id\":\"7\",\"description\":null,\"test_id\":\"2\",\"percentage\":\"100\",\"is_final\":\"1\",\"url\":\"www.google.com\",\"custom_data\":null,\"is_del\":\"0\",\"pred_id\":null,\"created_at\":\"0000-00-00 00:00:00\",\"t_create\":\"0\",\"updated_at\":\"2018-04-21 06:11:14\",\"t_update\":\"152431627435683100\"},{\"id\":\"5\",\"name\":\"Variant_A\",\"api_id\":\"2\",\"request_webapp_id\":\"7\",\"description\":null,\"test_id\":\"2\",\"percentage\":\"0\",\"is_final\":\"0\",\"url\":\"www.yahoo.com\",\"custom_data\":null,\"is_del\":\"0\",\"pred_id\":null,\"created_at\":\"0000-00-00 00:00:00\",\"t_create\":\"0\",\"updated_at\":\"2018-04-21 06:11:14\",\"t_update\":\"152431627435683100\"},{\"id\":\"6\",\"name\":\"Variant_B\",\"api_id\":\"2\",\"request_webapp_id\":\"7\",\"description\":null,\"test_id\":\"2\",\"percentage\":\"0\",\"is_final\":\"0\",\"url\":\"www.cnn.com\",\"custom_data\":null,\"is_del\":\"0\",\"pred_id\":null,\"created_at\":\"0000-00-00 00:00:00\",\"t_create\":\"0\",\"updated_at\":\"2018-04-21 06:11:14\",\"t_update\":\"152431627435683100\"}],\"CatAttrValTest\":[{\"id\":\"4\",\"api_id\":\"1\",\"request_webapp_id\":\"4\",\"test_id\":\"2\",\"attr_id\":\"1\",\"cat_attr_val_id\":\"1\",\"is_on\":\"0\"},{\"id\":\"5\",\"api_id\":\"1\",\"request_webapp_id\":\"4\",\"test_id\":\"2\",\"attr_id\":\"1\",\"cat_attr_val_id\":\"2\",\"is_on\":\"0\"},{\"id\":\"6\",\"api_id\":\"1\",\"request_webapp_id\":\"4\",\"test_id\":\"2\",\"attr_id\":\"1\",\"cat_attr_val_id\":\"3\",\"is_on\":\"0\"}],\"BoolAttrTest\":[{\"id\":\"2\",\"api_id\":\"1\",\"request_webapp_id\":\"4\",\"attr_id\":\"2\",\"test_id\":\"2\",\"val\":\"0\",\"is_on\":\"0\"}],\"DeviceCrossVariant\":{\"Desktop\":[{\"id\":\"19\",\"api_id\":\"1\",\"request_webapp_id\":\"4\",\"device_id\":\"1\",\"variant_id\":\"4\",\"test_id\":\"2\",\"percentage\":\"50\"},{\"id\":\"20\",\"api_id\":\"1\",\"request_webapp_id\":\"4\",\"device_id\":\"1\",\"variant_id\":\"5\",\"test_id\":\"2\",\"percentage\":\"30\"},{\"id\":\"21\",\"api_id\":\"1\",\"request_webapp_id\":\"4\",\"device_id\":\"1\",\"variant_id\":\"6\",\"test_id\":\"2\",\"percentage\":\"20\"}],\"Mobile_iOS\":[{\"id\":\"22\",\"api_id\":\"1\",\"request_webapp_id\":\"4\",\"device_id\":\"2\",\"variant_id\":\"4\",\"test_id\":\"2\",\"percentage\":\"50\"},{\"id\":\"23\",\"api_id\":\"1\",\"request_webapp_id\":\"4\",\"device_id\":\"2\",\"variant_id\":\"5\",\"test_id\":\"2\",\"percentage\":\"30\"},{\"id\":\"24\",\"api_id\":\"1\",\"request_webapp_id\":\"4\",\"device_id\":\"2\",\"variant_id\":\"6\",\"test_id\":\"2\",\"percentage\":\"20\"}],\"Mobile_Android\":[{\"id\":\"25\",\"api_id\":\"1\",\"request_webapp_id\":\"4\",\"device_id\":\"3\",\"variant_id\":\"4\",\"test_id\":\"2\",\"percentage\":\"50\"},{\"id\":\"26\",\"api_id\":\"1\",\"request_webapp_id\":\"4\",\"device_id\":\"3\",\"variant_id\":\"5\",\"test_id\":\"2\",\"percentage\":\"30\"},{\"id\":\"27\",\"api_id\":\"1\",\"request_webapp_id\":\"4\",\"device_id\":\"3\",\"variant_id\":\"6\",\"test_id\":\"2\",\"percentage\":\"20\"}],\"Tablet_iOS\":[{\"id\":\"28\",\"api_id\":\"1\",\"request_webapp_id\":\"4\",\"device_id\":\"4\",\"variant_id\":\"4\",\"test_id\":\"2\",\"percentage\":\"50\"},{\"id\":\"29\",\"api_id\":\"1\",\"request_webapp_id\":\"4\",\"device_id\":\"4\",\"variant_id\":\"5\",\"test_id\":\"2\",\"percentage\":\"30\"},{\"id\":\"30\",\"api_id\":\"1\",\"request_webapp_id\":\"4\",\"device_id\":\"4\",\"variant_id\":\"6\",\"test_id\":\"2\",\"percentage\":\"20\"}],\"Tablet_Android\":[{\"id\":\"31\",\"api_id\":\"1\",\"request_webapp_id\":\"4\",\"device_id\":\"5\",\"variant_id\":\"4\",\"test_id\":\"2\",\"percentage\":\"50\"},{\"id\":\"32\",\"api_id\":\"1\",\"request_webapp_id\":\"4\",\"device_id\":\"5\",\"variant_id\":\"5\",\"test_id\":\"2\",\"percentage\":\"30\"},{\"id\":\"33\",\"api_id\":\"1\",\"request_webapp_id\":\"4\",\"device_id\":\"5\",\"variant_id\":\"6\",\"test_id\":\"2\",\"percentage\":\"20\"}],\"Other\":[{\"id\":\"34\",\"api_id\":\"1\",\"request_webapp_id\":\"4\",\"device_id\":\"6\",\"variant_id\":\"4\",\"test_id\":\"2\",\"percentage\":\"50\"},{\"id\":\"35\",\"api_id\":\"1\",\"request_webapp_id\":\"4\",\"device_id\":\"6\",\"variant_id\":\"5\",\"test_id\":\"2\",\"percentage\":\"30\"},{\"id\":\"36\",\"api_id\":\"1\",\"request_webapp_id\":\"4\",\"device_id\":\"6\"',2,NULL,NULL,200),(9,'2018-04-21 06:11:14',152431627446077800,'{\"TestType\":\"ABTest\",\"Channel\":\"facebook\",\"BinType\":\"anonymous\",\"description\":\"some bogus description\",\"Creator\":\"joe\",\"name\":\"T3\",\"id\":\"\",\"Variants\":[{\"name\":\"Control\",\"percentage\":\"50\",\"url\":\"www.google.com\"},{\"name\":\"Variant_A\",\"percentage\":\"30\",\"url\":\"www.yahoo.com\"},{\"id\":\"300\",\"name\":\"Variant_B\",\"percentage\":\"20\",\"url\":\"www.cnn.com\"}]}',1,'Test [T3] with ID [3] inserted',NULL,200),(10,'2018-04-21 06:11:14',152431627449794300,'{\"id\":\"3\",\"name\":\"T3\",\"api_id\":\"1\",\"request_webapp_id\":\"9\",\"test_type_id\":\"1\",\"bin_type_id\":\"5\",\"pred_id\":null,\"channel_id\":\"5\",\"description\":\"some bogus description\",\"is_dev_specific\":\"0\",\"has_filters\":\"0\",\"seed\":\"1015746508408746040\",\"external_id\":\"152431627446077800\",\"created_at\":\"2018-04-21 06:11:14\",\"t_create\":\"152431627446077800\",\"updated_at\":\"2018-04-21 06:11:14\",\"t_update\":\"152431627446077800\",\"creator_id\":\"1\",\"updater_id\":\"1\",\"state_id\":\"1\",\"Creator\":\"joe\",\"TestType\":\"ABTest\",\"BinType\":\"c_to_v_ok_v_to_c_ok_v_to_v_not_ok\",\"State\":\"draft\",\"Channel\":\"facebook\",\"Variants\":[{\"id\":\"7\",\"name\":\"Control\",\"api_id\":\"1\",\"request_webapp_id\":\"9\",\"description\":null,\"test_id\":\"3\",\"percentage\":\"50\",\"is_final\":\"0\",\"url\":\"www.google.com\",\"custom_data\":null,\"is_del\":\"0\",\"pred_id\":null,\"created_at\":\"0000-00-00 00:00:00\",\"t_create\":\"0\",\"updated_at\":\"2018-04-21 06:11:14\",\"t_update\":\"152431627446077800\"},{\"id\":\"8\",\"name\":\"Variant_A\",\"api_id\":\"1\",\"request_webapp_id\":\"9\",\"description\":null,\"test_id\":\"3\",\"percentage\":\"30\",\"is_final\":\"0\",\"url\":\"www.yahoo.com\",\"custom_data\":null,\"is_del\":\"0\",\"pred_id\":null,\"created_at\":\"0000-00-00 00:00:00\",\"t_create\":\"0\",\"updated_at\":\"2018-04-21 06:11:14\",\"t_update\":\"152431627446077800\"},{\"id\":\"9\",\"name\":\"Variant_B\",\"api_id\":\"1\",\"request_webapp_id\":\"9\",\"description\":null,\"test_id\":\"3\",\"percentage\":\"20\",\"is_final\":\"0\",\"url\":\"www.cnn.com\",\"custom_data\":null,\"is_del\":\"0\",\"pred_id\":null,\"created_at\":\"0000-00-00 00:00:00\",\"t_create\":\"0\",\"updated_at\":\"2018-04-21 06:11:14\",\"t_update\":\"152431627446077800\"}],\"CatAttrValTest\":[{\"id\":\"7\",\"api_id\":\"1\",\"request_webapp_id\":\"9\",\"test_id\":\"3\",\"attr_id\":\"1\",\"cat_attr_val_id\":\"1\",\"is_on\":\"0\"},{\"id\":\"8\",\"api_id\":\"1\",\"request_webapp_id\":\"9\",\"test_id\":\"3\",\"attr_id\":\"1\",\"cat_attr_val_id\":\"2\",\"is_on\":\"0\"},{\"id\":\"9\",\"api_id\":\"1\",\"request_webapp_id\":\"9\",\"test_id\":\"3\",\"attr_id\":\"1\",\"cat_attr_val_id\":\"3\",\"is_on\":\"0\"}],\"BoolAttrTest\":[{\"id\":\"3\",\"api_id\":\"1\",\"request_webapp_id\":\"9\",\"attr_id\":\"2\",\"test_id\":\"3\",\"val\":\"0\",\"is_on\":\"0\"}],\"DeviceCrossVariant\":{\"Desktop\":[{\"id\":\"37\",\"api_id\":\"1\",\"request_webapp_id\":\"9\",\"device_id\":\"1\",\"variant_id\":\"7\",\"test_id\":\"3\",\"percentage\":\"50\"},{\"id\":\"38\",\"api_id\":\"1\",\"request_webapp_id\":\"9\",\"device_id\":\"1\",\"variant_id\":\"8\",\"test_id\":\"3\",\"percentage\":\"30\"},{\"id\":\"39\",\"api_id\":\"1\",\"request_webapp_id\":\"9\",\"device_id\":\"1\",\"variant_id\":\"9\",\"test_id\":\"3\",\"percentage\":\"20\"}],\"Mobile_iOS\":[{\"id\":\"40\",\"api_id\":\"1\",\"request_webapp_id\":\"9\",\"device_id\":\"2\",\"variant_id\":\"7\",\"test_id\":\"3\",\"percentage\":\"50\"},{\"id\":\"41\",\"api_id\":\"1\",\"request_webapp_id\":\"9\",\"device_id\":\"2\",\"variant_id\":\"8\",\"test_id\":\"3\",\"percentage\":\"30\"},{\"id\":\"42\",\"api_id\":\"1\",\"request_webapp_id\":\"9\",\"device_id\":\"2\",\"variant_id\":\"9\",\"test_id\":\"3\",\"percentage\":\"20\"}],\"Mobile_Android\":[{\"id\":\"43\",\"api_id\":\"1\",\"request_webapp_id\":\"9\",\"device_id\":\"3\",\"variant_id\":\"7\",\"test_id\":\"3\",\"percentage\":\"50\"},{\"id\":\"44\",\"api_id\":\"1\",\"request_webapp_id\":\"9\",\"device_id\":\"3\",\"variant_id\":\"8\",\"test_id\":\"3\",\"percentage\":\"30\"},{\"id\":\"45\",\"api_id\":\"1\",\"request_webapp_id\":\"9\",\"device_id\":\"3\",\"variant_id\":\"9\",\"test_id\":\"3\",\"percentage\":\"20\"}],\"Tablet_iOS\":[{\"id\":\"46\",\"api_id\":\"1\",\"request_webapp_id\":\"9\",\"device_id\":\"4\",\"variant_id\":\"7\",\"test_id\":\"3\",\"percentage\":\"50\"},{\"id\":\"47\",\"api_id\":\"1\",\"request_webapp_id\":\"9\",\"device_id\":\"4\",\"variant_id\":\"8\",\"test_id\":\"3\",\"percentage\":\"30\"},{\"id\":\"48\",\"api_id\":\"1\",\"request_webapp_id\":\"9\",\"device_id\":\"4\",\"variant_id\":\"9\",\"test_id\":\"3\",\"percentage\":\"20\"}],\"Tablet_Android\":[{\"id\":\"49\",\"api_id\":\"1\",\"request_webapp_id\":\"9\",\"device_id\":\"5\",\"variant_id\":\"7\",\"test_id\":\"3\",\"percentage\":\"50\"},{\"id\":\"50\",\"api_id\":\"1\",\"request_webapp_id\":\"9\",\"device_id\":\"5\",\"variant_id\":\"8\",\"test_id\":\"3\",\"percentage\":\"30\"},{\"id\":\"51\",\"api_id\":\"1\",\"request_webapp_id\":\"9\",\"device_id\":\"5\",\"variant_id\":\"9\",\"test_id\":\"3\",\"percentage\":\"20\"}],\"Other\":[{\"id\":\"52\",\"api_id\":\"1\",\"request_webapp_id\":\"9\",\"device_id\":\"6\",\"variant_id\":\"7\",\"test_id\":\"3\",\"percentage\":\"50\"},{\"id\":\"53\",\"api_id\":\"1\",\"request_webapp_id\":\"9\",\"device_id\":\"6\",\"variant_id\":\"8\",\"test_id\":\"3\",\"percentage\":\"30\"},{\"id\":\"54\",\"api_id\":\"1\",\"request_webapp_id\"',2,NULL,NULL,200),(11,'2018-04-21 06:11:14',152431627451049300,'{\"id\":\"3\",\"name\":\"T3\",\"api_id\":\"2\",\"request_webapp_id\":\"10\",\"test_type_id\":\"1\",\"bin_type_id\":\"5\",\"pred_id\":null,\"channel_id\":\"5\",\"description\":\"some bogus description\",\"is_dev_specific\":\"0\",\"has_filters\":\"0\",\"seed\":\"1015746508408746040\",\"external_id\":\"152431627446077800\",\"created_at\":\"2018-04-21 06:11:14\",\"t_create\":\"152431627446077800\",\"updated_at\":\"2018-04-21 06:11:14\",\"t_update\":\"152431627446077800\",\"creator_id\":\"1\",\"updater_id\":\"1\",\"state_id\":\"2\",\"Creator\":\"joe\",\"TestType\":\"ABTest\",\"BinType\":\"c_to_v_ok_v_to_c_ok_v_to_v_not_ok\",\"State\":\"dormant\",\"Channel\":\"facebook\",\"Variants\":[{\"id\":\"7\",\"name\":\"Control\",\"api_id\":\"1\",\"request_webapp_id\":\"9\",\"description\":null,\"test_id\":\"3\",\"percentage\":\"50\",\"is_final\":\"0\",\"url\":\"www.google.com\",\"custom_data\":null,\"is_del\":\"0\",\"pred_id\":null,\"created_at\":\"0000-00-00 00:00:00\",\"t_create\":\"0\",\"updated_at\":\"2018-04-21 06:11:14\",\"t_update\":\"152431627446077800\"},{\"id\":\"8\",\"name\":\"Variant_A\",\"api_id\":\"1\",\"request_webapp_id\":\"9\",\"description\":null,\"test_id\":\"3\",\"percentage\":\"30\",\"is_final\":\"0\",\"url\":\"www.yahoo.com\",\"custom_data\":null,\"is_del\":\"0\",\"pred_id\":null,\"created_at\":\"0000-00-00 00:00:00\",\"t_create\":\"0\",\"updated_at\":\"2018-04-21 06:11:14\",\"t_update\":\"152431627446077800\"},{\"id\":\"9\",\"name\":\"Variant_B\",\"api_id\":\"1\",\"request_webapp_id\":\"9\",\"description\":null,\"test_id\":\"3\",\"percentage\":\"20\",\"is_final\":\"0\",\"url\":\"www.cnn.com\",\"custom_data\":null,\"is_del\":\"0\",\"pred_id\":null,\"created_at\":\"0000-00-00 00:00:00\",\"t_create\":\"0\",\"updated_at\":\"2018-04-21 06:11:14\",\"t_update\":\"152431627446077800\"}],\"CatAttrValTest\":[{\"id\":\"7\",\"api_id\":\"1\",\"request_webapp_id\":\"9\",\"test_id\":\"3\",\"attr_id\":\"1\",\"cat_attr_val_id\":\"1\",\"is_on\":\"0\"},{\"id\":\"8\",\"api_id\":\"1\",\"request_webapp_id\":\"9\",\"test_id\":\"3\",\"attr_id\":\"1\",\"cat_attr_val_id\":\"2\",\"is_on\":\"0\"},{\"id\":\"9\",\"api_id\":\"1\",\"request_webapp_id\":\"9\",\"test_id\":\"3\",\"attr_id\":\"1\",\"cat_attr_val_id\":\"3\",\"is_on\":\"0\"}],\"BoolAttrTest\":[{\"id\":\"3\",\"api_id\":\"1\",\"request_webapp_id\":\"9\",\"attr_id\":\"2\",\"test_id\":\"3\",\"val\":\"0\",\"is_on\":\"0\"}],\"DeviceCrossVariant\":{\"Desktop\":[{\"id\":\"37\",\"api_id\":\"1\",\"request_webapp_id\":\"9\",\"device_id\":\"1\",\"variant_id\":\"7\",\"test_id\":\"3\",\"percentage\":\"50\"},{\"id\":\"38\",\"api_id\":\"1\",\"request_webapp_id\":\"9\",\"device_id\":\"1\",\"variant_id\":\"8\",\"test_id\":\"3\",\"percentage\":\"30\"},{\"id\":\"39\",\"api_id\":\"1\",\"request_webapp_id\":\"9\",\"device_id\":\"1\",\"variant_id\":\"9\",\"test_id\":\"3\",\"percentage\":\"20\"}],\"Mobile_iOS\":[{\"id\":\"40\",\"api_id\":\"1\",\"request_webapp_id\":\"9\",\"device_id\":\"2\",\"variant_id\":\"7\",\"test_id\":\"3\",\"percentage\":\"50\"},{\"id\":\"41\",\"api_id\":\"1\",\"request_webapp_id\":\"9\",\"device_id\":\"2\",\"variant_id\":\"8\",\"test_id\":\"3\",\"percentage\":\"30\"},{\"id\":\"42\",\"api_id\":\"1\",\"request_webapp_id\":\"9\",\"device_id\":\"2\",\"variant_id\":\"9\",\"test_id\":\"3\",\"percentage\":\"20\"}],\"Mobile_Android\":[{\"id\":\"43\",\"api_id\":\"1\",\"request_webapp_id\":\"9\",\"device_id\":\"3\",\"variant_id\":\"7\",\"test_id\":\"3\",\"percentage\":\"50\"},{\"id\":\"44\",\"api_id\":\"1\",\"request_webapp_id\":\"9\",\"device_id\":\"3\",\"variant_id\":\"8\",\"test_id\":\"3\",\"percentage\":\"30\"},{\"id\":\"45\",\"api_id\":\"1\",\"request_webapp_id\":\"9\",\"device_id\":\"3\",\"variant_id\":\"9\",\"test_id\":\"3\",\"percentage\":\"20\"}],\"Tablet_iOS\":[{\"id\":\"46\",\"api_id\":\"1\",\"request_webapp_id\":\"9\",\"device_id\":\"4\",\"variant_id\":\"7\",\"test_id\":\"3\",\"percentage\":\"50\"},{\"id\":\"47\",\"api_id\":\"1\",\"request_webapp_id\":\"9\",\"device_id\":\"4\",\"variant_id\":\"8\",\"test_id\":\"3\",\"percentage\":\"30\"},{\"id\":\"48\",\"api_id\":\"1\",\"request_webapp_id\":\"9\",\"device_id\":\"4\",\"variant_id\":\"9\",\"test_id\":\"3\",\"percentage\":\"20\"}],\"Tablet_Android\":[{\"id\":\"49\",\"api_id\":\"1\",\"request_webapp_id\":\"9\",\"device_id\":\"5\",\"variant_id\":\"7\",\"test_id\":\"3\",\"percentage\":\"50\"},{\"id\":\"50\",\"api_id\":\"1\",\"request_webapp_id\":\"9\",\"device_id\":\"5\",\"variant_id\":\"8\",\"test_id\":\"3\",\"percentage\":\"30\"},{\"id\":\"51\",\"api_id\":\"1\",\"request_webapp_id\":\"9\",\"device_id\":\"5\",\"variant_id\":\"9\",\"test_id\":\"3\",\"percentage\":\"20\"}],\"Other\":[{\"id\":\"52\",\"api_id\":\"1\",\"request_webapp_id\":\"9\",\"device_id\":\"6\",\"variant_id\":\"7\",\"test_id\":\"3\",\"percentage\":\"50\"},{\"id\":\"53\",\"api_id\":\"1\",\"request_webapp_id\":\"9\",\"device_id\":\"6\",\"variant_id\":\"8\",\"test_id\":\"3\",\"percentage\":\"30\"},{\"id\":\"54\",\"api_id\":\"1\",\"request_webapp_',2,NULL,NULL,200),(12,'2018-04-21 06:11:14',152431627451927100,'{\"TestType\":\"XYTest\",\"Channel\":\"facebook\",\"BinType\":\"anonymous\",\"description\":\"some bogus description\",\"Creator\":\"joe\",\"name\":\"T4\",\"id\":\"\",\"Variants\":[{\"name\":\"Control\",\"percentage\":\"50\",\"url\":\"www.google.com\"},{\"name\":\"Variant_A\",\"percentage\":\"30\",\"url\":\"www.yahoo.com\"},{\"id\":\"300\",\"name\":\"Variant_B\",\"percentage\":\"20\",\"url\":\"www.cnn.com\"}]}',1,'Test [T4] with ID [4] inserted',NULL,200),(13,'2018-04-21 06:11:14',152431627455844000,'{\"id\":\"4\",\"name\":\"T4\",\"api_id\":\"1\",\"request_webapp_id\":\"12\",\"test_type_id\":\"2\",\"bin_type_id\":\"1\",\"pred_id\":null,\"channel_id\":\"5\",\"description\":\"some bogus description\",\"is_dev_specific\":\"0\",\"has_filters\":\"0\",\"seed\":\"4958314924913246754\",\"external_id\":\"152431627451927100\",\"created_at\":\"2018-04-21 06:11:14\",\"t_create\":\"152431627451927100\",\"updated_at\":\"2018-04-21 06:11:14\",\"t_update\":\"152431627451927100\",\"creator_id\":\"1\",\"updater_id\":\"1\",\"state_id\":\"1\",\"Creator\":\"joe\",\"TestType\":\"XYTest\",\"BinType\":\"anonymous\",\"State\":\"draft\",\"Channel\":\"facebook\",\"Variants\":[{\"id\":\"10\",\"name\":\"Control\",\"api_id\":\"1\",\"request_webapp_id\":\"12\",\"description\":null,\"test_id\":\"4\",\"percentage\":\"50\",\"is_final\":\"0\",\"url\":\"www.google.com\",\"custom_data\":null,\"is_del\":\"0\",\"pred_id\":null,\"created_at\":\"0000-00-00 00:00:00\",\"t_create\":\"0\",\"updated_at\":\"2018-04-21 06:11:14\",\"t_update\":\"152431627451927100\"},{\"id\":\"11\",\"name\":\"Variant_A\",\"api_id\":\"1\",\"request_webapp_id\":\"12\",\"description\":null,\"test_id\":\"4\",\"percentage\":\"30\",\"is_final\":\"0\",\"url\":\"www.yahoo.com\",\"custom_data\":null,\"is_del\":\"0\",\"pred_id\":null,\"created_at\":\"0000-00-00 00:00:00\",\"t_create\":\"0\",\"updated_at\":\"2018-04-21 06:11:14\",\"t_update\":\"152431627451927100\"},{\"id\":\"12\",\"name\":\"Variant_B\",\"api_id\":\"1\",\"request_webapp_id\":\"12\",\"description\":null,\"test_id\":\"4\",\"percentage\":\"20\",\"is_final\":\"0\",\"url\":\"www.cnn.com\",\"custom_data\":null,\"is_del\":\"0\",\"pred_id\":null,\"created_at\":\"0000-00-00 00:00:00\",\"t_create\":\"0\",\"updated_at\":\"2018-04-21 06:11:14\",\"t_update\":\"152431627451927100\"}],\"CatAttrValTest\":[{\"id\":\"10\",\"api_id\":\"1\",\"request_webapp_id\":\"12\",\"test_id\":\"4\",\"attr_id\":\"1\",\"cat_attr_val_id\":\"1\",\"is_on\":\"0\"},{\"id\":\"11\",\"api_id\":\"1\",\"request_webapp_id\":\"12\",\"test_id\":\"4\",\"attr_id\":\"1\",\"cat_attr_val_id\":\"2\",\"is_on\":\"0\"},{\"id\":\"12\",\"api_id\":\"1\",\"request_webapp_id\":\"12\",\"test_id\":\"4\",\"attr_id\":\"1\",\"cat_attr_val_id\":\"3\",\"is_on\":\"0\"}],\"BoolAttrTest\":[{\"id\":\"4\",\"api_id\":\"1\",\"request_webapp_id\":\"12\",\"attr_id\":\"2\",\"test_id\":\"4\",\"val\":\"0\",\"is_on\":\"0\"}],\"DeviceCrossVariant\":{\"Desktop\":[{\"id\":\"55\",\"api_id\":\"1\",\"request_webapp_id\":\"12\",\"device_id\":\"1\",\"variant_id\":\"10\",\"test_id\":\"4\",\"percentage\":\"50\"},{\"id\":\"56\",\"api_id\":\"1\",\"request_webapp_id\":\"12\",\"device_id\":\"1\",\"variant_id\":\"11\",\"test_id\":\"4\",\"percentage\":\"30\"},{\"id\":\"57\",\"api_id\":\"1\",\"request_webapp_id\":\"12\",\"device_id\":\"1\",\"variant_id\":\"12\",\"test_id\":\"4\",\"percentage\":\"20\"}],\"Mobile_iOS\":[{\"id\":\"58\",\"api_id\":\"1\",\"request_webapp_id\":\"12\",\"device_id\":\"2\",\"variant_id\":\"10\",\"test_id\":\"4\",\"percentage\":\"50\"},{\"id\":\"59\",\"api_id\":\"1\",\"request_webapp_id\":\"12\",\"device_id\":\"2\",\"variant_id\":\"11\",\"test_id\":\"4\",\"percentage\":\"30\"},{\"id\":\"60\",\"api_id\":\"1\",\"request_webapp_id\":\"12\",\"device_id\":\"2\",\"variant_id\":\"12\",\"test_id\":\"4\",\"percentage\":\"20\"}],\"Mobile_Android\":[{\"id\":\"61\",\"api_id\":\"1\",\"request_webapp_id\":\"12\",\"device_id\":\"3\",\"variant_id\":\"10\",\"test_id\":\"4\",\"percentage\":\"50\"},{\"id\":\"62\",\"api_id\":\"1\",\"request_webapp_id\":\"12\",\"device_id\":\"3\",\"variant_id\":\"11\",\"test_id\":\"4\",\"percentage\":\"30\"},{\"id\":\"63\",\"api_id\":\"1\",\"request_webapp_id\":\"12\",\"device_id\":\"3\",\"variant_id\":\"12\",\"test_id\":\"4\",\"percentage\":\"20\"}],\"Tablet_iOS\":[{\"id\":\"64\",\"api_id\":\"1\",\"request_webapp_id\":\"12\",\"device_id\":\"4\",\"variant_id\":\"10\",\"test_id\":\"4\",\"percentage\":\"50\"},{\"id\":\"65\",\"api_id\":\"1\",\"request_webapp_id\":\"12\",\"device_id\":\"4\",\"variant_id\":\"11\",\"test_id\":\"4\",\"percentage\":\"30\"},{\"id\":\"66\",\"api_id\":\"1\",\"request_webapp_id\":\"12\",\"device_id\":\"4\",\"variant_id\":\"12\",\"test_id\":\"4\",\"percentage\":\"20\"}],\"Tablet_Android\":[{\"id\":\"67\",\"api_id\":\"1\",\"request_webapp_id\":\"12\",\"device_id\":\"5\",\"variant_id\":\"10\",\"test_id\":\"4\",\"percentage\":\"50\"},{\"id\":\"68\",\"api_id\":\"1\",\"request_webapp_id\":\"12\",\"device_id\":\"5\",\"variant_id\":\"11\",\"test_id\":\"4\",\"percentage\":\"30\"},{\"id\":\"69\",\"api_id\":\"1\",\"request_webapp_id\":\"12\",\"device_id\":\"5\",\"variant_id\":\"12\",\"test_id\":\"4\",\"percentage\":\"20\"}],\"Other\":[{\"id\":\"70\",\"api_id\":\"1\",\"request_webapp_id\":\"12\",\"device_id\":\"6\",\"variant_id\":\"10\",\"test_id\":\"4\",\"percentage\":\"50\"},{\"id\":\"71\",\"api_id\":\"1\",\"request_webapp_id\":\"12\",\"device_id\":\"6\",\"variant_id\":\"11\",\"test_id\":\"4\",\"percentage\":\"30\"},{\"id\":\"72\",\"api_id\"',2,NULL,NULL,200),(14,'2018-04-21 06:11:14',152431627458011200,'{\"id\":\"4\",\"name\":\"T4\",\"api_id\":\"2\",\"request_webapp_id\":\"13\",\"test_type_id\":\"2\",\"bin_type_id\":\"1\",\"pred_id\":null,\"channel_id\":\"5\",\"description\":\"some bogus description\",\"is_dev_specific\":\"0\",\"has_filters\":\"0\",\"seed\":\"4958314924913246754\",\"external_id\":\"152431627451927100\",\"created_at\":\"2018-04-21 06:11:14\",\"t_create\":\"152431627451927100\",\"updated_at\":\"2018-04-21 06:11:14\",\"t_update\":\"152431627451927100\",\"creator_id\":\"1\",\"updater_id\":\"1\",\"state_id\":\"2\",\"Creator\":\"joe\",\"TestType\":\"XYTest\",\"BinType\":\"anonymous\",\"State\":\"dormant\",\"Channel\":\"facebook\",\"Variants\":[{\"id\":\"10\",\"name\":\"Control\",\"api_id\":\"1\",\"request_webapp_id\":\"12\",\"description\":null,\"test_id\":\"4\",\"percentage\":\"50\",\"is_final\":\"0\",\"url\":\"www.google.com\",\"custom_data\":null,\"is_del\":\"0\",\"pred_id\":null,\"created_at\":\"0000-00-00 00:00:00\",\"t_create\":\"0\",\"updated_at\":\"2018-04-21 06:11:14\",\"t_update\":\"152431627451927100\"},{\"id\":\"11\",\"name\":\"Variant_A\",\"api_id\":\"1\",\"request_webapp_id\":\"12\",\"description\":null,\"test_id\":\"4\",\"percentage\":\"30\",\"is_final\":\"0\",\"url\":\"www.yahoo.com\",\"custom_data\":null,\"is_del\":\"0\",\"pred_id\":null,\"created_at\":\"0000-00-00 00:00:00\",\"t_create\":\"0\",\"updated_at\":\"2018-04-21 06:11:14\",\"t_update\":\"152431627451927100\"},{\"id\":\"12\",\"name\":\"Variant_B\",\"api_id\":\"1\",\"request_webapp_id\":\"12\",\"description\":null,\"test_id\":\"4\",\"percentage\":\"20\",\"is_final\":\"0\",\"url\":\"www.cnn.com\",\"custom_data\":null,\"is_del\":\"0\",\"pred_id\":null,\"created_at\":\"0000-00-00 00:00:00\",\"t_create\":\"0\",\"updated_at\":\"2018-04-21 06:11:14\",\"t_update\":\"152431627451927100\"}],\"CatAttrValTest\":[{\"id\":\"10\",\"api_id\":\"1\",\"request_webapp_id\":\"12\",\"test_id\":\"4\",\"attr_id\":\"1\",\"cat_attr_val_id\":\"1\",\"is_on\":\"0\"},{\"id\":\"11\",\"api_id\":\"1\",\"request_webapp_id\":\"12\",\"test_id\":\"4\",\"attr_id\":\"1\",\"cat_attr_val_id\":\"2\",\"is_on\":\"0\"},{\"id\":\"12\",\"api_id\":\"1\",\"request_webapp_id\":\"12\",\"test_id\":\"4\",\"attr_id\":\"1\",\"cat_attr_val_id\":\"3\",\"is_on\":\"0\"}],\"BoolAttrTest\":[{\"id\":\"4\",\"api_id\":\"1\",\"request_webapp_id\":\"12\",\"attr_id\":\"2\",\"test_id\":\"4\",\"val\":\"0\",\"is_on\":\"0\"}],\"DeviceCrossVariant\":{\"Desktop\":[{\"id\":\"55\",\"api_id\":\"1\",\"request_webapp_id\":\"12\",\"device_id\":\"1\",\"variant_id\":\"10\",\"test_id\":\"4\",\"percentage\":\"50\"},{\"id\":\"56\",\"api_id\":\"1\",\"request_webapp_id\":\"12\",\"device_id\":\"1\",\"variant_id\":\"11\",\"test_id\":\"4\",\"percentage\":\"30\"},{\"id\":\"57\",\"api_id\":\"1\",\"request_webapp_id\":\"12\",\"device_id\":\"1\",\"variant_id\":\"12\",\"test_id\":\"4\",\"percentage\":\"20\"}],\"Mobile_iOS\":[{\"id\":\"58\",\"api_id\":\"1\",\"request_webapp_id\":\"12\",\"device_id\":\"2\",\"variant_id\":\"10\",\"test_id\":\"4\",\"percentage\":\"50\"},{\"id\":\"59\",\"api_id\":\"1\",\"request_webapp_id\":\"12\",\"device_id\":\"2\",\"variant_id\":\"11\",\"test_id\":\"4\",\"percentage\":\"30\"},{\"id\":\"60\",\"api_id\":\"1\",\"request_webapp_id\":\"12\",\"device_id\":\"2\",\"variant_id\":\"12\",\"test_id\":\"4\",\"percentage\":\"20\"}],\"Mobile_Android\":[{\"id\":\"61\",\"api_id\":\"1\",\"request_webapp_id\":\"12\",\"device_id\":\"3\",\"variant_id\":\"10\",\"test_id\":\"4\",\"percentage\":\"50\"},{\"id\":\"62\",\"api_id\":\"1\",\"request_webapp_id\":\"12\",\"device_id\":\"3\",\"variant_id\":\"11\",\"test_id\":\"4\",\"percentage\":\"30\"},{\"id\":\"63\",\"api_id\":\"1\",\"request_webapp_id\":\"12\",\"device_id\":\"3\",\"variant_id\":\"12\",\"test_id\":\"4\",\"percentage\":\"20\"}],\"Tablet_iOS\":[{\"id\":\"64\",\"api_id\":\"1\",\"request_webapp_id\":\"12\",\"device_id\":\"4\",\"variant_id\":\"10\",\"test_id\":\"4\",\"percentage\":\"50\"},{\"id\":\"65\",\"api_id\":\"1\",\"request_webapp_id\":\"12\",\"device_id\":\"4\",\"variant_id\":\"11\",\"test_id\":\"4\",\"percentage\":\"30\"},{\"id\":\"66\",\"api_id\":\"1\",\"request_webapp_id\":\"12\",\"device_id\":\"4\",\"variant_id\":\"12\",\"test_id\":\"4\",\"percentage\":\"20\"}],\"Tablet_Android\":[{\"id\":\"67\",\"api_id\":\"1\",\"request_webapp_id\":\"12\",\"device_id\":\"5\",\"variant_id\":\"10\",\"test_id\":\"4\",\"percentage\":\"50\"},{\"id\":\"68\",\"api_id\":\"1\",\"request_webapp_id\":\"12\",\"device_id\":\"5\",\"variant_id\":\"11\",\"test_id\":\"4\",\"percentage\":\"30\"},{\"id\":\"69\",\"api_id\":\"1\",\"request_webapp_id\":\"12\",\"device_id\":\"5\",\"variant_id\":\"12\",\"test_id\":\"4\",\"percentage\":\"20\"}],\"Other\":[{\"id\":\"70\",\"api_id\":\"1\",\"request_webapp_id\":\"12\",\"device_id\":\"6\",\"variant_id\":\"10\",\"test_id\":\"4\",\"percentage\":\"50\"},{\"id\":\"71\",\"api_id\":\"1\",\"request_webapp_id\":\"12\",\"device_id\":\"6\",\"variant_id\":\"11\",\"test_id\":\"4\",\"percentage\":\"30\"},{\"id\":\"72\",\"api_i',2,NULL,NULL,200),(15,'2018-04-21 06:11:14',152431627459271300,'{\"id\":\"4\",\"name\":\"T4\",\"api_id\":\"2\",\"request_webapp_id\":\"14\",\"test_type_id\":\"2\",\"bin_type_id\":\"1\",\"pred_id\":null,\"channel_id\":\"5\",\"description\":\"some bogus description\",\"is_dev_specific\":\"0\",\"has_filters\":\"0\",\"seed\":\"4958314924913246754\",\"external_id\":\"152431627451927100\",\"created_at\":\"2018-04-21 06:11:14\",\"t_create\":\"152431627451927100\",\"updated_at\":\"2018-04-21 06:11:14\",\"t_update\":\"152431627451927100\",\"creator_id\":\"1\",\"updater_id\":\"1\",\"state_id\":\"3\",\"Creator\":\"joe\",\"TestType\":\"XYTest\",\"BinType\":\"anonymous\",\"State\":\"started\",\"Channel\":\"facebook\",\"Variants\":[{\"id\":\"10\",\"name\":\"Control\",\"api_id\":\"1\",\"request_webapp_id\":\"12\",\"description\":null,\"test_id\":\"4\",\"percentage\":\"50\",\"is_final\":\"0\",\"url\":\"www.google.com\",\"custom_data\":null,\"is_del\":\"0\",\"pred_id\":null,\"created_at\":\"0000-00-00 00:00:00\",\"t_create\":\"0\",\"updated_at\":\"2018-04-21 06:11:14\",\"t_update\":\"152431627451927100\"},{\"id\":\"11\",\"name\":\"Variant_A\",\"api_id\":\"1\",\"request_webapp_id\":\"12\",\"description\":null,\"test_id\":\"4\",\"percentage\":\"30\",\"is_final\":\"0\",\"url\":\"www.yahoo.com\",\"custom_data\":null,\"is_del\":\"0\",\"pred_id\":null,\"created_at\":\"0000-00-00 00:00:00\",\"t_create\":\"0\",\"updated_at\":\"2018-04-21 06:11:14\",\"t_update\":\"152431627451927100\"},{\"id\":\"12\",\"name\":\"Variant_B\",\"api_id\":\"1\",\"request_webapp_id\":\"12\",\"description\":null,\"test_id\":\"4\",\"percentage\":\"20\",\"is_final\":\"0\",\"url\":\"www.cnn.com\",\"custom_data\":null,\"is_del\":\"0\",\"pred_id\":null,\"created_at\":\"0000-00-00 00:00:00\",\"t_create\":\"0\",\"updated_at\":\"2018-04-21 06:11:14\",\"t_update\":\"152431627451927100\"}],\"CatAttrValTest\":[{\"id\":\"10\",\"api_id\":\"1\",\"request_webapp_id\":\"12\",\"test_id\":\"4\",\"attr_id\":\"1\",\"cat_attr_val_id\":\"1\",\"is_on\":\"0\"},{\"id\":\"11\",\"api_id\":\"1\",\"request_webapp_id\":\"12\",\"test_id\":\"4\",\"attr_id\":\"1\",\"cat_attr_val_id\":\"2\",\"is_on\":\"0\"},{\"id\":\"12\",\"api_id\":\"1\",\"request_webapp_id\":\"12\",\"test_id\":\"4\",\"attr_id\":\"1\",\"cat_attr_val_id\":\"3\",\"is_on\":\"0\"}],\"BoolAttrTest\":[{\"id\":\"4\",\"api_id\":\"1\",\"request_webapp_id\":\"12\",\"attr_id\":\"2\",\"test_id\":\"4\",\"val\":\"0\",\"is_on\":\"0\"}],\"DeviceCrossVariant\":{\"Desktop\":[{\"id\":\"55\",\"api_id\":\"1\",\"request_webapp_id\":\"12\",\"device_id\":\"1\",\"variant_id\":\"10\",\"test_id\":\"4\",\"percentage\":\"50\"},{\"id\":\"56\",\"api_id\":\"1\",\"request_webapp_id\":\"12\",\"device_id\":\"1\",\"variant_id\":\"11\",\"test_id\":\"4\",\"percentage\":\"30\"},{\"id\":\"57\",\"api_id\":\"1\",\"request_webapp_id\":\"12\",\"device_id\":\"1\",\"variant_id\":\"12\",\"test_id\":\"4\",\"percentage\":\"20\"}],\"Mobile_iOS\":[{\"id\":\"58\",\"api_id\":\"1\",\"request_webapp_id\":\"12\",\"device_id\":\"2\",\"variant_id\":\"10\",\"test_id\":\"4\",\"percentage\":\"50\"},{\"id\":\"59\",\"api_id\":\"1\",\"request_webapp_id\":\"12\",\"device_id\":\"2\",\"variant_id\":\"11\",\"test_id\":\"4\",\"percentage\":\"30\"},{\"id\":\"60\",\"api_id\":\"1\",\"request_webapp_id\":\"12\",\"device_id\":\"2\",\"variant_id\":\"12\",\"test_id\":\"4\",\"percentage\":\"20\"}],\"Mobile_Android\":[{\"id\":\"61\",\"api_id\":\"1\",\"request_webapp_id\":\"12\",\"device_id\":\"3\",\"variant_id\":\"10\",\"test_id\":\"4\",\"percentage\":\"50\"},{\"id\":\"62\",\"api_id\":\"1\",\"request_webapp_id\":\"12\",\"device_id\":\"3\",\"variant_id\":\"11\",\"test_id\":\"4\",\"percentage\":\"30\"},{\"id\":\"63\",\"api_id\":\"1\",\"request_webapp_id\":\"12\",\"device_id\":\"3\",\"variant_id\":\"12\",\"test_id\":\"4\",\"percentage\":\"20\"}],\"Tablet_iOS\":[{\"id\":\"64\",\"api_id\":\"1\",\"request_webapp_id\":\"12\",\"device_id\":\"4\",\"variant_id\":\"10\",\"test_id\":\"4\",\"percentage\":\"50\"},{\"id\":\"65\",\"api_id\":\"1\",\"request_webapp_id\":\"12\",\"device_id\":\"4\",\"variant_id\":\"11\",\"test_id\":\"4\",\"percentage\":\"30\"},{\"id\":\"66\",\"api_id\":\"1\",\"request_webapp_id\":\"12\",\"device_id\":\"4\",\"variant_id\":\"12\",\"test_id\":\"4\",\"percentage\":\"20\"}],\"Tablet_Android\":[{\"id\":\"67\",\"api_id\":\"1\",\"request_webapp_id\":\"12\",\"device_id\":\"5\",\"variant_id\":\"10\",\"test_id\":\"4\",\"percentage\":\"50\"},{\"id\":\"68\",\"api_id\":\"1\",\"request_webapp_id\":\"12\",\"device_id\":\"5\",\"variant_id\":\"11\",\"test_id\":\"4\",\"percentage\":\"30\"},{\"id\":\"69\",\"api_id\":\"1\",\"request_webapp_id\":\"12\",\"device_id\":\"5\",\"variant_id\":\"12\",\"test_id\":\"4\",\"percentage\":\"20\"}],\"Other\":[{\"id\":\"70\",\"api_id\":\"1\",\"request_webapp_id\":\"12\",\"device_id\":\"6\",\"variant_id\":\"10\",\"test_id\":\"4\",\"percentage\":\"50\"},{\"id\":\"71\",\"api_id\":\"1\",\"request_webapp_id\":\"12\",\"device_id\":\"6\",\"variant_id\":\"11\",\"test_id\":\"4\",\"percentage\":\"30\"},{\"id\":\"72\",\"api_i',2,NULL,NULL,200),(16,'2018-04-21 06:11:14',152431627461770200,'{\"id\":\"4\",\"name\":\"T4\",\"api_id\":\"2\",\"request_webapp_id\":\"15\",\"test_type_id\":\"2\",\"bin_type_id\":\"1\",\"pred_id\":null,\"channel_id\":\"5\",\"description\":\"some bogus description\",\"is_dev_specific\":\"0\",\"has_filters\":\"0\",\"seed\":\"4958314924913246754\",\"external_id\":\"152431627451927100\",\"created_at\":\"2018-04-21 06:11:14\",\"t_create\":\"152431627451927100\",\"updated_at\":\"2018-04-21 06:11:14\",\"t_update\":\"152431627451927100\",\"creator_id\":\"1\",\"updater_id\":\"1\",\"state_id\":\"4\",\"Creator\":\"joe\",\"TestType\":\"XYTest\",\"BinType\":\"anonymous\",\"State\":\"terminated\",\"Channel\":\"facebook\",\"Variants\":[{\"id\":\"10\",\"name\":\"Control\",\"api_id\":\"2\",\"request_webapp_id\":\"15\",\"description\":null,\"test_id\":\"4\",\"percentage\":\"100\",\"is_final\":\"1\",\"url\":\"www.google.com\",\"custom_data\":null,\"is_del\":\"0\",\"pred_id\":null,\"created_at\":\"0000-00-00 00:00:00\",\"t_create\":\"0\",\"updated_at\":\"2018-04-21 06:11:14\",\"t_update\":\"152431627451927100\"},{\"id\":\"11\",\"name\":\"Variant_A\",\"api_id\":\"2\",\"request_webapp_id\":\"15\",\"description\":null,\"test_id\":\"4\",\"percentage\":\"0\",\"is_final\":\"0\",\"url\":\"www.yahoo.com\",\"custom_data\":null,\"is_del\":\"0\",\"pred_id\":null,\"created_at\":\"0000-00-00 00:00:00\",\"t_create\":\"0\",\"updated_at\":\"2018-04-21 06:11:14\",\"t_update\":\"152431627451927100\"},{\"id\":\"12\",\"name\":\"Variant_B\",\"api_id\":\"2\",\"request_webapp_id\":\"15\",\"description\":null,\"test_id\":\"4\",\"percentage\":\"0\",\"is_final\":\"0\",\"url\":\"www.cnn.com\",\"custom_data\":null,\"is_del\":\"0\",\"pred_id\":null,\"created_at\":\"0000-00-00 00:00:00\",\"t_create\":\"0\",\"updated_at\":\"2018-04-21 06:11:14\",\"t_update\":\"152431627451927100\"}],\"CatAttrValTest\":[{\"id\":\"10\",\"api_id\":\"1\",\"request_webapp_id\":\"12\",\"test_id\":\"4\",\"attr_id\":\"1\",\"cat_attr_val_id\":\"1\",\"is_on\":\"0\"},{\"id\":\"11\",\"api_id\":\"1\",\"request_webapp_id\":\"12\",\"test_id\":\"4\",\"attr_id\":\"1\",\"cat_attr_val_id\":\"2\",\"is_on\":\"0\"},{\"id\":\"12\",\"api_id\":\"1\",\"request_webapp_id\":\"12\",\"test_id\":\"4\",\"attr_id\":\"1\",\"cat_attr_val_id\":\"3\",\"is_on\":\"0\"}],\"BoolAttrTest\":[{\"id\":\"4\",\"api_id\":\"1\",\"request_webapp_id\":\"12\",\"attr_id\":\"2\",\"test_id\":\"4\",\"val\":\"0\",\"is_on\":\"0\"}],\"DeviceCrossVariant\":{\"Desktop\":[{\"id\":\"55\",\"api_id\":\"1\",\"request_webapp_id\":\"12\",\"device_id\":\"1\",\"variant_id\":\"10\",\"test_id\":\"4\",\"percentage\":\"50\"},{\"id\":\"56\",\"api_id\":\"1\",\"request_webapp_id\":\"12\",\"device_id\":\"1\",\"variant_id\":\"11\",\"test_id\":\"4\",\"percentage\":\"30\"},{\"id\":\"57\",\"api_id\":\"1\",\"request_webapp_id\":\"12\",\"device_id\":\"1\",\"variant_id\":\"12\",\"test_id\":\"4\",\"percentage\":\"20\"}],\"Mobile_iOS\":[{\"id\":\"58\",\"api_id\":\"1\",\"request_webapp_id\":\"12\",\"device_id\":\"2\",\"variant_id\":\"10\",\"test_id\":\"4\",\"percentage\":\"50\"},{\"id\":\"59\",\"api_id\":\"1\",\"request_webapp_id\":\"12\",\"device_id\":\"2\",\"variant_id\":\"11\",\"test_id\":\"4\",\"percentage\":\"30\"},{\"id\":\"60\",\"api_id\":\"1\",\"request_webapp_id\":\"12\",\"device_id\":\"2\",\"variant_id\":\"12\",\"test_id\":\"4\",\"percentage\":\"20\"}],\"Mobile_Android\":[{\"id\":\"61\",\"api_id\":\"1\",\"request_webapp_id\":\"12\",\"device_id\":\"3\",\"variant_id\":\"10\",\"test_id\":\"4\",\"percentage\":\"50\"},{\"id\":\"62\",\"api_id\":\"1\",\"request_webapp_id\":\"12\",\"device_id\":\"3\",\"variant_id\":\"11\",\"test_id\":\"4\",\"percentage\":\"30\"},{\"id\":\"63\",\"api_id\":\"1\",\"request_webapp_id\":\"12\",\"device_id\":\"3\",\"variant_id\":\"12\",\"test_id\":\"4\",\"percentage\":\"20\"}],\"Tablet_iOS\":[{\"id\":\"64\",\"api_id\":\"1\",\"request_webapp_id\":\"12\",\"device_id\":\"4\",\"variant_id\":\"10\",\"test_id\":\"4\",\"percentage\":\"50\"},{\"id\":\"65\",\"api_id\":\"1\",\"request_webapp_id\":\"12\",\"device_id\":\"4\",\"variant_id\":\"11\",\"test_id\":\"4\",\"percentage\":\"30\"},{\"id\":\"66\",\"api_id\":\"1\",\"request_webapp_id\":\"12\",\"device_id\":\"4\",\"variant_id\":\"12\",\"test_id\":\"4\",\"percentage\":\"20\"}],\"Tablet_Android\":[{\"id\":\"67\",\"api_id\":\"1\",\"request_webapp_id\":\"12\",\"device_id\":\"5\",\"variant_id\":\"10\",\"test_id\":\"4\",\"percentage\":\"50\"},{\"id\":\"68\",\"api_id\":\"1\",\"request_webapp_id\":\"12\",\"device_id\":\"5\",\"variant_id\":\"11\",\"test_id\":\"4\",\"percentage\":\"30\"},{\"id\":\"69\",\"api_id\":\"1\",\"request_webapp_id\":\"12\",\"device_id\":\"5\",\"variant_id\":\"12\",\"test_id\":\"4\",\"percentage\":\"20\"}],\"Other\":[{\"id\":\"70\",\"api_id\":\"1\",\"request_webapp_id\":\"12\",\"device_id\":\"6\",\"variant_id\":\"10\",\"test_id\":\"4\",\"percentage\":\"50\"},{\"id\":\"71\",\"api_id\":\"1\",\"request_webapp_id\":\"12\",\"device_id\":\"6\",\"variant_id\":\"11\",\"test_id\":\"4\",\"percentage\":\"30\"},{\"id\":\"72\",\"api',2,NULL,NULL,200),(17,'2018-04-21 06:11:14',152431627463444700,'{\"TestType\":\"XYTest\",\"Channel\":\"facebook\",\"BinType\":\"anonymous\",\"description\":\"some bogus description\",\"Creator\":\"joe\",\"name\":\"T5\",\"id\":\"\",\"Variants\":[{\"name\":\"Control\",\"percentage\":\"50\",\"url\":\"www.google.com\"},{\"name\":\"Variant_A\",\"percentage\":\"30\",\"url\":\"www.yahoo.com\"},{\"id\":\"300\",\"name\":\"Variant_B\",\"percentage\":\"20\",\"url\":\"www.cnn.com\"}]}',1,'Test [T5] with ID [5] inserted',NULL,200),(18,'2018-04-21 06:11:14',152431627467146400,'{\"id\":\"5\",\"name\":\"T5\",\"api_id\":\"1\",\"request_webapp_id\":\"17\",\"test_type_id\":\"2\",\"bin_type_id\":\"1\",\"pred_id\":null,\"channel_id\":\"5\",\"description\":\"some bogus description\",\"is_dev_specific\":\"0\",\"has_filters\":\"0\",\"seed\":\"1462032225240596771\",\"external_id\":\"152431627463444700\",\"created_at\":\"2018-04-21 06:11:14\",\"t_create\":\"152431627463444700\",\"updated_at\":\"2018-04-21 06:11:14\",\"t_update\":\"152431627463444700\",\"creator_id\":\"1\",\"updater_id\":\"1\",\"state_id\":\"1\",\"Creator\":\"joe\",\"TestType\":\"XYTest\",\"BinType\":\"anonymous\",\"State\":\"draft\",\"Channel\":\"facebook\",\"Variants\":[{\"id\":\"13\",\"name\":\"Control\",\"api_id\":\"1\",\"request_webapp_id\":\"17\",\"description\":null,\"test_id\":\"5\",\"percentage\":\"50\",\"is_final\":\"0\",\"url\":\"www.google.com\",\"custom_data\":null,\"is_del\":\"0\",\"pred_id\":null,\"created_at\":\"0000-00-00 00:00:00\",\"t_create\":\"0\",\"updated_at\":\"2018-04-21 06:11:14\",\"t_update\":\"152431627463444700\"},{\"id\":\"14\",\"name\":\"Variant_A\",\"api_id\":\"1\",\"request_webapp_id\":\"17\",\"description\":null,\"test_id\":\"5\",\"percentage\":\"30\",\"is_final\":\"0\",\"url\":\"www.yahoo.com\",\"custom_data\":null,\"is_del\":\"0\",\"pred_id\":null,\"created_at\":\"0000-00-00 00:00:00\",\"t_create\":\"0\",\"updated_at\":\"2018-04-21 06:11:14\",\"t_update\":\"152431627463444700\"},{\"id\":\"15\",\"name\":\"Variant_B\",\"api_id\":\"1\",\"request_webapp_id\":\"17\",\"description\":null,\"test_id\":\"5\",\"percentage\":\"20\",\"is_final\":\"0\",\"url\":\"www.cnn.com\",\"custom_data\":null,\"is_del\":\"0\",\"pred_id\":null,\"created_at\":\"0000-00-00 00:00:00\",\"t_create\":\"0\",\"updated_at\":\"2018-04-21 06:11:14\",\"t_update\":\"152431627463444700\"}],\"CatAttrValTest\":[{\"id\":\"13\",\"api_id\":\"1\",\"request_webapp_id\":\"17\",\"test_id\":\"5\",\"attr_id\":\"1\",\"cat_attr_val_id\":\"1\",\"is_on\":\"0\"},{\"id\":\"14\",\"api_id\":\"1\",\"request_webapp_id\":\"17\",\"test_id\":\"5\",\"attr_id\":\"1\",\"cat_attr_val_id\":\"2\",\"is_on\":\"0\"},{\"id\":\"15\",\"api_id\":\"1\",\"request_webapp_id\":\"17\",\"test_id\":\"5\",\"attr_id\":\"1\",\"cat_attr_val_id\":\"3\",\"is_on\":\"0\"}],\"BoolAttrTest\":[{\"id\":\"5\",\"api_id\":\"1\",\"request_webapp_id\":\"17\",\"attr_id\":\"2\",\"test_id\":\"5\",\"val\":\"0\",\"is_on\":\"0\"}],\"DeviceCrossVariant\":{\"Desktop\":[{\"id\":\"73\",\"api_id\":\"1\",\"request_webapp_id\":\"17\",\"device_id\":\"1\",\"variant_id\":\"13\",\"test_id\":\"5\",\"percentage\":\"50\"},{\"id\":\"74\",\"api_id\":\"1\",\"request_webapp_id\":\"17\",\"device_id\":\"1\",\"variant_id\":\"14\",\"test_id\":\"5\",\"percentage\":\"30\"},{\"id\":\"75\",\"api_id\":\"1\",\"request_webapp_id\":\"17\",\"device_id\":\"1\",\"variant_id\":\"15\",\"test_id\":\"5\",\"percentage\":\"20\"}],\"Mobile_iOS\":[{\"id\":\"76\",\"api_id\":\"1\",\"request_webapp_id\":\"17\",\"device_id\":\"2\",\"variant_id\":\"13\",\"test_id\":\"5\",\"percentage\":\"50\"},{\"id\":\"77\",\"api_id\":\"1\",\"request_webapp_id\":\"17\",\"device_id\":\"2\",\"variant_id\":\"14\",\"test_id\":\"5\",\"percentage\":\"30\"},{\"id\":\"78\",\"api_id\":\"1\",\"request_webapp_id\":\"17\",\"device_id\":\"2\",\"variant_id\":\"15\",\"test_id\":\"5\",\"percentage\":\"20\"}],\"Mobile_Android\":[{\"id\":\"79\",\"api_id\":\"1\",\"request_webapp_id\":\"17\",\"device_id\":\"3\",\"variant_id\":\"13\",\"test_id\":\"5\",\"percentage\":\"50\"},{\"id\":\"80\",\"api_id\":\"1\",\"request_webapp_id\":\"17\",\"device_id\":\"3\",\"variant_id\":\"14\",\"test_id\":\"5\",\"percentage\":\"30\"},{\"id\":\"81\",\"api_id\":\"1\",\"request_webapp_id\":\"17\",\"device_id\":\"3\",\"variant_id\":\"15\",\"test_id\":\"5\",\"percentage\":\"20\"}],\"Tablet_iOS\":[{\"id\":\"82\",\"api_id\":\"1\",\"request_webapp_id\":\"17\",\"device_id\":\"4\",\"variant_id\":\"13\",\"test_id\":\"5\",\"percentage\":\"50\"},{\"id\":\"83\",\"api_id\":\"1\",\"request_webapp_id\":\"17\",\"device_id\":\"4\",\"variant_id\":\"14\",\"test_id\":\"5\",\"percentage\":\"30\"},{\"id\":\"84\",\"api_id\":\"1\",\"request_webapp_id\":\"17\",\"device_id\":\"4\",\"variant_id\":\"15\",\"test_id\":\"5\",\"percentage\":\"20\"}],\"Tablet_Android\":[{\"id\":\"85\",\"api_id\":\"1\",\"request_webapp_id\":\"17\",\"device_id\":\"5\",\"variant_id\":\"13\",\"test_id\":\"5\",\"percentage\":\"50\"},{\"id\":\"86\",\"api_id\":\"1\",\"request_webapp_id\":\"17\",\"device_id\":\"5\",\"variant_id\":\"14\",\"test_id\":\"5\",\"percentage\":\"30\"},{\"id\":\"87\",\"api_id\":\"1\",\"request_webapp_id\":\"17\",\"device_id\":\"5\",\"variant_id\":\"15\",\"test_id\":\"5\",\"percentage\":\"20\"}],\"Other\":[{\"id\":\"88\",\"api_id\":\"1\",\"request_webapp_id\":\"17\",\"device_id\":\"6\",\"variant_id\":\"13\",\"test_id\":\"5\",\"percentage\":\"50\"},{\"id\":\"89\",\"api_id\":\"1\",\"request_webapp_id\":\"17\",\"device_id\":\"6\",\"variant_id\":\"14\",\"test_id\":\"5\",\"percentage\":\"30\"},{\"id\":\"90\",\"api_id\"',2,NULL,NULL,200),(19,'2018-04-21 06:11:14',152431627468428300,'{\"id\":\"5\",\"name\":\"T5\",\"api_id\":\"2\",\"request_webapp_id\":\"18\",\"test_type_id\":\"2\",\"bin_type_id\":\"1\",\"pred_id\":null,\"channel_id\":\"5\",\"description\":\"some bogus description\",\"is_dev_specific\":\"0\",\"has_filters\":\"0\",\"seed\":\"1462032225240596771\",\"external_id\":\"152431627463444700\",\"created_at\":\"2018-04-21 06:11:14\",\"t_create\":\"152431627463444700\",\"updated_at\":\"2018-04-21 06:11:14\",\"t_update\":\"152431627463444700\",\"creator_id\":\"1\",\"updater_id\":\"1\",\"state_id\":\"2\",\"Creator\":\"joe\",\"TestType\":\"XYTest\",\"BinType\":\"anonymous\",\"State\":\"dormant\",\"Channel\":\"facebook\",\"Variants\":[{\"id\":\"13\",\"name\":\"Control\",\"api_id\":\"1\",\"request_webapp_id\":\"17\",\"description\":null,\"test_id\":\"5\",\"percentage\":\"50\",\"is_final\":\"0\",\"url\":\"www.google.com\",\"custom_data\":null,\"is_del\":\"0\",\"pred_id\":null,\"created_at\":\"0000-00-00 00:00:00\",\"t_create\":\"0\",\"updated_at\":\"2018-04-21 06:11:14\",\"t_update\":\"152431627463444700\"},{\"id\":\"14\",\"name\":\"Variant_A\",\"api_id\":\"1\",\"request_webapp_id\":\"17\",\"description\":null,\"test_id\":\"5\",\"percentage\":\"30\",\"is_final\":\"0\",\"url\":\"www.yahoo.com\",\"custom_data\":null,\"is_del\":\"0\",\"pred_id\":null,\"created_at\":\"0000-00-00 00:00:00\",\"t_create\":\"0\",\"updated_at\":\"2018-04-21 06:11:14\",\"t_update\":\"152431627463444700\"},{\"id\":\"15\",\"name\":\"Variant_B\",\"api_id\":\"1\",\"request_webapp_id\":\"17\",\"description\":null,\"test_id\":\"5\",\"percentage\":\"20\",\"is_final\":\"0\",\"url\":\"www.cnn.com\",\"custom_data\":null,\"is_del\":\"0\",\"pred_id\":null,\"created_at\":\"0000-00-00 00:00:00\",\"t_create\":\"0\",\"updated_at\":\"2018-04-21 06:11:14\",\"t_update\":\"152431627463444700\"}],\"CatAttrValTest\":[{\"id\":\"13\",\"api_id\":\"1\",\"request_webapp_id\":\"17\",\"test_id\":\"5\",\"attr_id\":\"1\",\"cat_attr_val_id\":\"1\",\"is_on\":\"0\"},{\"id\":\"14\",\"api_id\":\"1\",\"request_webapp_id\":\"17\",\"test_id\":\"5\",\"attr_id\":\"1\",\"cat_attr_val_id\":\"2\",\"is_on\":\"0\"},{\"id\":\"15\",\"api_id\":\"1\",\"request_webapp_id\":\"17\",\"test_id\":\"5\",\"attr_id\":\"1\",\"cat_attr_val_id\":\"3\",\"is_on\":\"0\"}],\"BoolAttrTest\":[{\"id\":\"5\",\"api_id\":\"1\",\"request_webapp_id\":\"17\",\"attr_id\":\"2\",\"test_id\":\"5\",\"val\":\"0\",\"is_on\":\"0\"}],\"DeviceCrossVariant\":{\"Desktop\":[{\"id\":\"73\",\"api_id\":\"1\",\"request_webapp_id\":\"17\",\"device_id\":\"1\",\"variant_id\":\"13\",\"test_id\":\"5\",\"percentage\":\"50\"},{\"id\":\"74\",\"api_id\":\"1\",\"request_webapp_id\":\"17\",\"device_id\":\"1\",\"variant_id\":\"14\",\"test_id\":\"5\",\"percentage\":\"30\"},{\"id\":\"75\",\"api_id\":\"1\",\"request_webapp_id\":\"17\",\"device_id\":\"1\",\"variant_id\":\"15\",\"test_id\":\"5\",\"percentage\":\"20\"}],\"Mobile_iOS\":[{\"id\":\"76\",\"api_id\":\"1\",\"request_webapp_id\":\"17\",\"device_id\":\"2\",\"variant_id\":\"13\",\"test_id\":\"5\",\"percentage\":\"50\"},{\"id\":\"77\",\"api_id\":\"1\",\"request_webapp_id\":\"17\",\"device_id\":\"2\",\"variant_id\":\"14\",\"test_id\":\"5\",\"percentage\":\"30\"},{\"id\":\"78\",\"api_id\":\"1\",\"request_webapp_id\":\"17\",\"device_id\":\"2\",\"variant_id\":\"15\",\"test_id\":\"5\",\"percentage\":\"20\"}],\"Mobile_Android\":[{\"id\":\"79\",\"api_id\":\"1\",\"request_webapp_id\":\"17\",\"device_id\":\"3\",\"variant_id\":\"13\",\"test_id\":\"5\",\"percentage\":\"50\"},{\"id\":\"80\",\"api_id\":\"1\",\"request_webapp_id\":\"17\",\"device_id\":\"3\",\"variant_id\":\"14\",\"test_id\":\"5\",\"percentage\":\"30\"},{\"id\":\"81\",\"api_id\":\"1\",\"request_webapp_id\":\"17\",\"device_id\":\"3\",\"variant_id\":\"15\",\"test_id\":\"5\",\"percentage\":\"20\"}],\"Tablet_iOS\":[{\"id\":\"82\",\"api_id\":\"1\",\"request_webapp_id\":\"17\",\"device_id\":\"4\",\"variant_id\":\"13\",\"test_id\":\"5\",\"percentage\":\"50\"},{\"id\":\"83\",\"api_id\":\"1\",\"request_webapp_id\":\"17\",\"device_id\":\"4\",\"variant_id\":\"14\",\"test_id\":\"5\",\"percentage\":\"30\"},{\"id\":\"84\",\"api_id\":\"1\",\"request_webapp_id\":\"17\",\"device_id\":\"4\",\"variant_id\":\"15\",\"test_id\":\"5\",\"percentage\":\"20\"}],\"Tablet_Android\":[{\"id\":\"85\",\"api_id\":\"1\",\"request_webapp_id\":\"17\",\"device_id\":\"5\",\"variant_id\":\"13\",\"test_id\":\"5\",\"percentage\":\"50\"},{\"id\":\"86\",\"api_id\":\"1\",\"request_webapp_id\":\"17\",\"device_id\":\"5\",\"variant_id\":\"14\",\"test_id\":\"5\",\"percentage\":\"30\"},{\"id\":\"87\",\"api_id\":\"1\",\"request_webapp_id\":\"17\",\"device_id\":\"5\",\"variant_id\":\"15\",\"test_id\":\"5\",\"percentage\":\"20\"}],\"Other\":[{\"id\":\"88\",\"api_id\":\"1\",\"request_webapp_id\":\"17\",\"device_id\":\"6\",\"variant_id\":\"13\",\"test_id\":\"5\",\"percentage\":\"50\"},{\"id\":\"89\",\"api_id\":\"1\",\"request_webapp_id\":\"17\",\"device_id\":\"6\",\"variant_id\":\"14\",\"test_id\":\"5\",\"percentage\":\"30\"},{\"id\":\"90\",\"api_i',2,NULL,NULL,200),(20,'2018-04-21 06:11:14',152431627469223500,'{\"TestType\":\"ABTest\",\"Channel\":\"facebook\",\"BinType\":\"anonymous\",\"description\":\"some bogus description\",\"Creator\":\"joe\",\"name\":\"T6\",\"id\":\"\",\"Variants\":[{\"name\":\"Control\",\"percentage\":\"50\",\"url\":\"www.google.com\"},{\"name\":\"Variant_A\",\"percentage\":\"30\",\"url\":\"www.yahoo.com\"},{\"id\":\"300\",\"name\":\"Variant_B\",\"percentage\":\"20\",\"url\":\"www.cnn.com\"}]}',1,'Test [T6] with ID [6] inserted',NULL,200),(21,'2018-04-21 06:11:14',152431627473079800,'{\"id\":\"6\",\"name\":\"T6\",\"api_id\":\"1\",\"request_webapp_id\":\"20\",\"test_type_id\":\"1\",\"bin_type_id\":\"5\",\"pred_id\":null,\"channel_id\":\"5\",\"description\":\"some bogus description\",\"is_dev_specific\":\"0\",\"has_filters\":\"0\",\"seed\":\"5574817219029565365\",\"external_id\":\"152431627469223500\",\"created_at\":\"2018-04-21 06:11:14\",\"t_create\":\"152431627469223500\",\"updated_at\":\"2018-04-21 06:11:14\",\"t_update\":\"152431627469223500\",\"creator_id\":\"1\",\"updater_id\":\"1\",\"state_id\":\"1\",\"Creator\":\"joe\",\"TestType\":\"ABTest\",\"BinType\":\"c_to_v_ok_v_to_c_ok_v_to_v_not_ok\",\"State\":\"draft\",\"Channel\":\"facebook\",\"Variants\":[{\"id\":\"16\",\"name\":\"Control\",\"api_id\":\"1\",\"request_webapp_id\":\"20\",\"description\":null,\"test_id\":\"6\",\"percentage\":\"50\",\"is_final\":\"0\",\"url\":\"www.google.com\",\"custom_data\":null,\"is_del\":\"0\",\"pred_id\":null,\"created_at\":\"0000-00-00 00:00:00\",\"t_create\":\"0\",\"updated_at\":\"2018-04-21 06:11:14\",\"t_update\":\"152431627469223500\"},{\"id\":\"17\",\"name\":\"Variant_A\",\"api_id\":\"1\",\"request_webapp_id\":\"20\",\"description\":null,\"test_id\":\"6\",\"percentage\":\"30\",\"is_final\":\"0\",\"url\":\"www.yahoo.com\",\"custom_data\":null,\"is_del\":\"0\",\"pred_id\":null,\"created_at\":\"0000-00-00 00:00:00\",\"t_create\":\"0\",\"updated_at\":\"2018-04-21 06:11:14\",\"t_update\":\"152431627469223500\"},{\"id\":\"18\",\"name\":\"Variant_B\",\"api_id\":\"1\",\"request_webapp_id\":\"20\",\"description\":null,\"test_id\":\"6\",\"percentage\":\"20\",\"is_final\":\"0\",\"url\":\"www.cnn.com\",\"custom_data\":null,\"is_del\":\"0\",\"pred_id\":null,\"created_at\":\"0000-00-00 00:00:00\",\"t_create\":\"0\",\"updated_at\":\"2018-04-21 06:11:14\",\"t_update\":\"152431627469223500\"}],\"CatAttrValTest\":[{\"id\":\"16\",\"api_id\":\"1\",\"request_webapp_id\":\"20\",\"test_id\":\"6\",\"attr_id\":\"1\",\"cat_attr_val_id\":\"1\",\"is_on\":\"0\"},{\"id\":\"17\",\"api_id\":\"1\",\"request_webapp_id\":\"20\",\"test_id\":\"6\",\"attr_id\":\"1\",\"cat_attr_val_id\":\"2\",\"is_on\":\"0\"},{\"id\":\"18\",\"api_id\":\"1\",\"request_webapp_id\":\"20\",\"test_id\":\"6\",\"attr_id\":\"1\",\"cat_attr_val_id\":\"3\",\"is_on\":\"0\"}],\"BoolAttrTest\":[{\"id\":\"6\",\"api_id\":\"1\",\"request_webapp_id\":\"20\",\"attr_id\":\"2\",\"test_id\":\"6\",\"val\":\"0\",\"is_on\":\"0\"}],\"DeviceCrossVariant\":{\"Desktop\":[{\"id\":\"91\",\"api_id\":\"1\",\"request_webapp_id\":\"20\",\"device_id\":\"1\",\"variant_id\":\"16\",\"test_id\":\"6\",\"percentage\":\"50\"},{\"id\":\"92\",\"api_id\":\"1\",\"request_webapp_id\":\"20\",\"device_id\":\"1\",\"variant_id\":\"17\",\"test_id\":\"6\",\"percentage\":\"30\"},{\"id\":\"93\",\"api_id\":\"1\",\"request_webapp_id\":\"20\",\"device_id\":\"1\",\"variant_id\":\"18\",\"test_id\":\"6\",\"percentage\":\"20\"}],\"Mobile_iOS\":[{\"id\":\"94\",\"api_id\":\"1\",\"request_webapp_id\":\"20\",\"device_id\":\"2\",\"variant_id\":\"16\",\"test_id\":\"6\",\"percentage\":\"50\"},{\"id\":\"95\",\"api_id\":\"1\",\"request_webapp_id\":\"20\",\"device_id\":\"2\",\"variant_id\":\"17\",\"test_id\":\"6\",\"percentage\":\"30\"},{\"id\":\"96\",\"api_id\":\"1\",\"request_webapp_id\":\"20\",\"device_id\":\"2\",\"variant_id\":\"18\",\"test_id\":\"6\",\"percentage\":\"20\"}],\"Mobile_Android\":[{\"id\":\"97\",\"api_id\":\"1\",\"request_webapp_id\":\"20\",\"device_id\":\"3\",\"variant_id\":\"16\",\"test_id\":\"6\",\"percentage\":\"50\"},{\"id\":\"98\",\"api_id\":\"1\",\"request_webapp_id\":\"20\",\"device_id\":\"3\",\"variant_id\":\"17\",\"test_id\":\"6\",\"percentage\":\"30\"},{\"id\":\"99\",\"api_id\":\"1\",\"request_webapp_id\":\"20\",\"device_id\":\"3\",\"variant_id\":\"18\",\"test_id\":\"6\",\"percentage\":\"20\"}],\"Tablet_iOS\":[{\"id\":\"100\",\"api_id\":\"1\",\"request_webapp_id\":\"20\",\"device_id\":\"4\",\"variant_id\":\"16\",\"test_id\":\"6\",\"percentage\":\"50\"},{\"id\":\"101\",\"api_id\":\"1\",\"request_webapp_id\":\"20\",\"device_id\":\"4\",\"variant_id\":\"17\",\"test_id\":\"6\",\"percentage\":\"30\"},{\"id\":\"102\",\"api_id\":\"1\",\"request_webapp_id\":\"20\",\"device_id\":\"4\",\"variant_id\":\"18\",\"test_id\":\"6\",\"percentage\":\"20\"}],\"Tablet_Android\":[{\"id\":\"103\",\"api_id\":\"1\",\"request_webapp_id\":\"20\",\"device_id\":\"5\",\"variant_id\":\"16\",\"test_id\":\"6\",\"percentage\":\"50\"},{\"id\":\"104\",\"api_id\":\"1\",\"request_webapp_id\":\"20\",\"device_id\":\"5\",\"variant_id\":\"17\",\"test_id\":\"6\",\"percentage\":\"30\"},{\"id\":\"105\",\"api_id\":\"1\",\"request_webapp_id\":\"20\",\"device_id\":\"5\",\"variant_id\":\"18\",\"test_id\":\"6\",\"percentage\":\"20\"}],\"Other\":[{\"id\":\"106\",\"api_id\":\"1\",\"request_webapp_id\":\"20\",\"device_id\":\"6\",\"variant_id\":\"16\",\"test_id\":\"6\",\"percentage\":\"50\"},{\"id\":\"107\",\"api_id\":\"1\",\"request_webapp_id\":\"20\",\"device_id\":\"6\",\"variant_id\":\"17\",\"test_id\":\"6\",\"perce',2,NULL,NULL,200),(22,'2018-04-21 06:11:14',152431627474335500,'{\"id\":\"6\",\"name\":\"T6\",\"api_id\":\"2\",\"request_webapp_id\":\"21\",\"test_type_id\":\"1\",\"bin_type_id\":\"5\",\"pred_id\":null,\"channel_id\":\"5\",\"description\":\"some bogus description\",\"is_dev_specific\":\"0\",\"has_filters\":\"0\",\"seed\":\"5574817219029565365\",\"external_id\":\"152431627469223500\",\"created_at\":\"2018-04-21 06:11:14\",\"t_create\":\"152431627469223500\",\"updated_at\":\"2018-04-21 06:11:14\",\"t_update\":\"152431627469223500\",\"creator_id\":\"1\",\"updater_id\":\"1\",\"state_id\":\"2\",\"Creator\":\"joe\",\"TestType\":\"ABTest\",\"BinType\":\"c_to_v_ok_v_to_c_ok_v_to_v_not_ok\",\"State\":\"dormant\",\"Channel\":\"facebook\",\"Variants\":[{\"id\":\"16\",\"name\":\"Control\",\"api_id\":\"1\",\"request_webapp_id\":\"20\",\"description\":null,\"test_id\":\"6\",\"percentage\":\"50\",\"is_final\":\"0\",\"url\":\"www.google.com\",\"custom_data\":null,\"is_del\":\"0\",\"pred_id\":null,\"created_at\":\"0000-00-00 00:00:00\",\"t_create\":\"0\",\"updated_at\":\"2018-04-21 06:11:14\",\"t_update\":\"152431627469223500\"},{\"id\":\"17\",\"name\":\"Variant_A\",\"api_id\":\"1\",\"request_webapp_id\":\"20\",\"description\":null,\"test_id\":\"6\",\"percentage\":\"30\",\"is_final\":\"0\",\"url\":\"www.yahoo.com\",\"custom_data\":null,\"is_del\":\"0\",\"pred_id\":null,\"created_at\":\"0000-00-00 00:00:00\",\"t_create\":\"0\",\"updated_at\":\"2018-04-21 06:11:14\",\"t_update\":\"152431627469223500\"},{\"id\":\"18\",\"name\":\"Variant_B\",\"api_id\":\"1\",\"request_webapp_id\":\"20\",\"description\":null,\"test_id\":\"6\",\"percentage\":\"20\",\"is_final\":\"0\",\"url\":\"www.cnn.com\",\"custom_data\":null,\"is_del\":\"0\",\"pred_id\":null,\"created_at\":\"0000-00-00 00:00:00\",\"t_create\":\"0\",\"updated_at\":\"2018-04-21 06:11:14\",\"t_update\":\"152431627469223500\"}],\"CatAttrValTest\":[{\"id\":\"16\",\"api_id\":\"1\",\"request_webapp_id\":\"20\",\"test_id\":\"6\",\"attr_id\":\"1\",\"cat_attr_val_id\":\"1\",\"is_on\":\"0\"},{\"id\":\"17\",\"api_id\":\"1\",\"request_webapp_id\":\"20\",\"test_id\":\"6\",\"attr_id\":\"1\",\"cat_attr_val_id\":\"2\",\"is_on\":\"0\"},{\"id\":\"18\",\"api_id\":\"1\",\"request_webapp_id\":\"20\",\"test_id\":\"6\",\"attr_id\":\"1\",\"cat_attr_val_id\":\"3\",\"is_on\":\"0\"}],\"BoolAttrTest\":[{\"id\":\"6\",\"api_id\":\"1\",\"request_webapp_id\":\"20\",\"attr_id\":\"2\",\"test_id\":\"6\",\"val\":\"0\",\"is_on\":\"0\"}],\"DeviceCrossVariant\":{\"Desktop\":[{\"id\":\"91\",\"api_id\":\"1\",\"request_webapp_id\":\"20\",\"device_id\":\"1\",\"variant_id\":\"16\",\"test_id\":\"6\",\"percentage\":\"50\"},{\"id\":\"92\",\"api_id\":\"1\",\"request_webapp_id\":\"20\",\"device_id\":\"1\",\"variant_id\":\"17\",\"test_id\":\"6\",\"percentage\":\"30\"},{\"id\":\"93\",\"api_id\":\"1\",\"request_webapp_id\":\"20\",\"device_id\":\"1\",\"variant_id\":\"18\",\"test_id\":\"6\",\"percentage\":\"20\"}],\"Mobile_iOS\":[{\"id\":\"94\",\"api_id\":\"1\",\"request_webapp_id\":\"20\",\"device_id\":\"2\",\"variant_id\":\"16\",\"test_id\":\"6\",\"percentage\":\"50\"},{\"id\":\"95\",\"api_id\":\"1\",\"request_webapp_id\":\"20\",\"device_id\":\"2\",\"variant_id\":\"17\",\"test_id\":\"6\",\"percentage\":\"30\"},{\"id\":\"96\",\"api_id\":\"1\",\"request_webapp_id\":\"20\",\"device_id\":\"2\",\"variant_id\":\"18\",\"test_id\":\"6\",\"percentage\":\"20\"}],\"Mobile_Android\":[{\"id\":\"97\",\"api_id\":\"1\",\"request_webapp_id\":\"20\",\"device_id\":\"3\",\"variant_id\":\"16\",\"test_id\":\"6\",\"percentage\":\"50\"},{\"id\":\"98\",\"api_id\":\"1\",\"request_webapp_id\":\"20\",\"device_id\":\"3\",\"variant_id\":\"17\",\"test_id\":\"6\",\"percentage\":\"30\"},{\"id\":\"99\",\"api_id\":\"1\",\"request_webapp_id\":\"20\",\"device_id\":\"3\",\"variant_id\":\"18\",\"test_id\":\"6\",\"percentage\":\"20\"}],\"Tablet_iOS\":[{\"id\":\"100\",\"api_id\":\"1\",\"request_webapp_id\":\"20\",\"device_id\":\"4\",\"variant_id\":\"16\",\"test_id\":\"6\",\"percentage\":\"50\"},{\"id\":\"101\",\"api_id\":\"1\",\"request_webapp_id\":\"20\",\"device_id\":\"4\",\"variant_id\":\"17\",\"test_id\":\"6\",\"percentage\":\"30\"},{\"id\":\"102\",\"api_id\":\"1\",\"request_webapp_id\":\"20\",\"device_id\":\"4\",\"variant_id\":\"18\",\"test_id\":\"6\",\"percentage\":\"20\"}],\"Tablet_Android\":[{\"id\":\"103\",\"api_id\":\"1\",\"request_webapp_id\":\"20\",\"device_id\":\"5\",\"variant_id\":\"16\",\"test_id\":\"6\",\"percentage\":\"50\"},{\"id\":\"104\",\"api_id\":\"1\",\"request_webapp_id\":\"20\",\"device_id\":\"5\",\"variant_id\":\"17\",\"test_id\":\"6\",\"percentage\":\"30\"},{\"id\":\"105\",\"api_id\":\"1\",\"request_webapp_id\":\"20\",\"device_id\":\"5\",\"variant_id\":\"18\",\"test_id\":\"6\",\"percentage\":\"20\"}],\"Other\":[{\"id\":\"106\",\"api_id\":\"1\",\"request_webapp_id\":\"20\",\"device_id\":\"6\",\"variant_id\":\"16\",\"test_id\":\"6\",\"percentage\":\"50\"},{\"id\":\"107\",\"api_id\":\"1\",\"request_webapp_id\":\"20\",\"device_id\":\"6\",\"variant_id\":\"17\",\"test_id\":\"6\",\"per',2,NULL,NULL,200),(23,'2018-04-21 06:11:14',152431627476450500,'{\"id\":\"6\",\"name\":\"T6\",\"api_id\":\"2\",\"request_webapp_id\":\"22\",\"test_type_id\":\"1\",\"bin_type_id\":\"5\",\"pred_id\":null,\"channel_id\":\"5\",\"description\":\"some bogus description\",\"is_dev_specific\":\"0\",\"has_filters\":\"0\",\"seed\":\"5574817219029565365\",\"external_id\":\"152431627469223500\",\"created_at\":\"2018-04-21 06:11:14\",\"t_create\":\"152431627469223500\",\"updated_at\":\"2018-04-21 06:11:14\",\"t_update\":\"152431627469223500\",\"creator_id\":\"1\",\"updater_id\":\"1\",\"state_id\":\"3\",\"Creator\":\"joe\",\"TestType\":\"ABTest\",\"BinType\":\"c_to_v_ok_v_to_c_ok_v_to_v_not_ok\",\"State\":\"started\",\"Channel\":\"facebook\",\"Variants\":[{\"id\":\"16\",\"name\":\"Control\",\"api_id\":\"1\",\"request_webapp_id\":\"20\",\"description\":null,\"test_id\":\"6\",\"percentage\":\"50\",\"is_final\":\"0\",\"url\":\"www.google.com\",\"custom_data\":null,\"is_del\":\"0\",\"pred_id\":null,\"created_at\":\"0000-00-00 00:00:00\",\"t_create\":\"0\",\"updated_at\":\"2018-04-21 06:11:14\",\"t_update\":\"152431627469223500\"},{\"id\":\"17\",\"name\":\"Variant_A\",\"api_id\":\"1\",\"request_webapp_id\":\"20\",\"description\":null,\"test_id\":\"6\",\"percentage\":\"30\",\"is_final\":\"0\",\"url\":\"www.yahoo.com\",\"custom_data\":null,\"is_del\":\"0\",\"pred_id\":null,\"created_at\":\"0000-00-00 00:00:00\",\"t_create\":\"0\",\"updated_at\":\"2018-04-21 06:11:14\",\"t_update\":\"152431627469223500\"},{\"id\":\"18\",\"name\":\"Variant_B\",\"api_id\":\"1\",\"request_webapp_id\":\"20\",\"description\":null,\"test_id\":\"6\",\"percentage\":\"20\",\"is_final\":\"0\",\"url\":\"www.cnn.com\",\"custom_data\":null,\"is_del\":\"0\",\"pred_id\":null,\"created_at\":\"0000-00-00 00:00:00\",\"t_create\":\"0\",\"updated_at\":\"2018-04-21 06:11:14\",\"t_update\":\"152431627469223500\"}],\"CatAttrValTest\":[{\"id\":\"16\",\"api_id\":\"1\",\"request_webapp_id\":\"20\",\"test_id\":\"6\",\"attr_id\":\"1\",\"cat_attr_val_id\":\"1\",\"is_on\":\"0\"},{\"id\":\"17\",\"api_id\":\"1\",\"request_webapp_id\":\"20\",\"test_id\":\"6\",\"attr_id\":\"1\",\"cat_attr_val_id\":\"2\",\"is_on\":\"0\"},{\"id\":\"18\",\"api_id\":\"1\",\"request_webapp_id\":\"20\",\"test_id\":\"6\",\"attr_id\":\"1\",\"cat_attr_val_id\":\"3\",\"is_on\":\"0\"}],\"BoolAttrTest\":[{\"id\":\"6\",\"api_id\":\"1\",\"request_webapp_id\":\"20\",\"attr_id\":\"2\",\"test_id\":\"6\",\"val\":\"0\",\"is_on\":\"0\"}],\"DeviceCrossVariant\":{\"Desktop\":[{\"id\":\"91\",\"api_id\":\"1\",\"request_webapp_id\":\"20\",\"device_id\":\"1\",\"variant_id\":\"16\",\"test_id\":\"6\",\"percentage\":\"50\"},{\"id\":\"92\",\"api_id\":\"1\",\"request_webapp_id\":\"20\",\"device_id\":\"1\",\"variant_id\":\"17\",\"test_id\":\"6\",\"percentage\":\"30\"},{\"id\":\"93\",\"api_id\":\"1\",\"request_webapp_id\":\"20\",\"device_id\":\"1\",\"variant_id\":\"18\",\"test_id\":\"6\",\"percentage\":\"20\"}],\"Mobile_iOS\":[{\"id\":\"94\",\"api_id\":\"1\",\"request_webapp_id\":\"20\",\"device_id\":\"2\",\"variant_id\":\"16\",\"test_id\":\"6\",\"percentage\":\"50\"},{\"id\":\"95\",\"api_id\":\"1\",\"request_webapp_id\":\"20\",\"device_id\":\"2\",\"variant_id\":\"17\",\"test_id\":\"6\",\"percentage\":\"30\"},{\"id\":\"96\",\"api_id\":\"1\",\"request_webapp_id\":\"20\",\"device_id\":\"2\",\"variant_id\":\"18\",\"test_id\":\"6\",\"percentage\":\"20\"}],\"Mobile_Android\":[{\"id\":\"97\",\"api_id\":\"1\",\"request_webapp_id\":\"20\",\"device_id\":\"3\",\"variant_id\":\"16\",\"test_id\":\"6\",\"percentage\":\"50\"},{\"id\":\"98\",\"api_id\":\"1\",\"request_webapp_id\":\"20\",\"device_id\":\"3\",\"variant_id\":\"17\",\"test_id\":\"6\",\"percentage\":\"30\"},{\"id\":\"99\",\"api_id\":\"1\",\"request_webapp_id\":\"20\",\"device_id\":\"3\",\"variant_id\":\"18\",\"test_id\":\"6\",\"percentage\":\"20\"}],\"Tablet_iOS\":[{\"id\":\"100\",\"api_id\":\"1\",\"request_webapp_id\":\"20\",\"device_id\":\"4\",\"variant_id\":\"16\",\"test_id\":\"6\",\"percentage\":\"50\"},{\"id\":\"101\",\"api_id\":\"1\",\"request_webapp_id\":\"20\",\"device_id\":\"4\",\"variant_id\":\"17\",\"test_id\":\"6\",\"percentage\":\"30\"},{\"id\":\"102\",\"api_id\":\"1\",\"request_webapp_id\":\"20\",\"device_id\":\"4\",\"variant_id\":\"18\",\"test_id\":\"6\",\"percentage\":\"20\"}],\"Tablet_Android\":[{\"id\":\"103\",\"api_id\":\"1\",\"request_webapp_id\":\"20\",\"device_id\":\"5\",\"variant_id\":\"16\",\"test_id\":\"6\",\"percentage\":\"50\"},{\"id\":\"104\",\"api_id\":\"1\",\"request_webapp_id\":\"20\",\"device_id\":\"5\",\"variant_id\":\"17\",\"test_id\":\"6\",\"percentage\":\"30\"},{\"id\":\"105\",\"api_id\":\"1\",\"request_webapp_id\":\"20\",\"device_id\":\"5\",\"variant_id\":\"18\",\"test_id\":\"6\",\"percentage\":\"20\"}],\"Other\":[{\"id\":\"106\",\"api_id\":\"1\",\"request_webapp_id\":\"20\",\"device_id\":\"6\",\"variant_id\":\"16\",\"test_id\":\"6\",\"percentage\":\"50\"},{\"id\":\"107\",\"api_id\":\"1\",\"request_webapp_id\":\"20\",\"device_id\":\"6\",\"variant_id\":\"17\",\"test_id\":\"6\",\"per',2,NULL,NULL,200),(24,'2018-04-21 06:11:14',152431627478045800,'{\"id\":\"6\",\"name\":\"T6\",\"api_id\":\"2\",\"request_webapp_id\":\"23\",\"test_type_id\":\"1\",\"bin_type_id\":\"5\",\"pred_id\":null,\"channel_id\":\"5\",\"description\":\"some bogus description\",\"is_dev_specific\":\"0\",\"has_filters\":\"0\",\"seed\":\"5574817219029565365\",\"external_id\":\"152431627469223500\",\"created_at\":\"2018-04-21 06:11:14\",\"t_create\":\"152431627469223500\",\"updated_at\":\"2018-04-21 06:11:14\",\"t_update\":\"152431627469223500\",\"creator_id\":\"1\",\"updater_id\":\"1\",\"state_id\":\"4\",\"Creator\":\"joe\",\"TestType\":\"ABTest\",\"BinType\":\"c_to_v_ok_v_to_c_ok_v_to_v_not_ok\",\"State\":\"terminated\",\"Channel\":\"facebook\",\"Variants\":[{\"id\":\"16\",\"name\":\"Control\",\"api_id\":\"2\",\"request_webapp_id\":\"23\",\"description\":null,\"test_id\":\"6\",\"percentage\":\"100\",\"is_final\":\"1\",\"url\":\"www.google.com\",\"custom_data\":null,\"is_del\":\"0\",\"pred_id\":null,\"created_at\":\"0000-00-00 00:00:00\",\"t_create\":\"0\",\"updated_at\":\"2018-04-21 06:11:14\",\"t_update\":\"152431627469223500\"},{\"id\":\"17\",\"name\":\"Variant_A\",\"api_id\":\"2\",\"request_webapp_id\":\"23\",\"description\":null,\"test_id\":\"6\",\"percentage\":\"0\",\"is_final\":\"0\",\"url\":\"www.yahoo.com\",\"custom_data\":null,\"is_del\":\"0\",\"pred_id\":null,\"created_at\":\"0000-00-00 00:00:00\",\"t_create\":\"0\",\"updated_at\":\"2018-04-21 06:11:14\",\"t_update\":\"152431627469223500\"},{\"id\":\"18\",\"name\":\"Variant_B\",\"api_id\":\"2\",\"request_webapp_id\":\"23\",\"description\":null,\"test_id\":\"6\",\"percentage\":\"0\",\"is_final\":\"0\",\"url\":\"www.cnn.com\",\"custom_data\":null,\"is_del\":\"0\",\"pred_id\":null,\"created_at\":\"0000-00-00 00:00:00\",\"t_create\":\"0\",\"updated_at\":\"2018-04-21 06:11:14\",\"t_update\":\"152431627469223500\"}],\"CatAttrValTest\":[{\"id\":\"16\",\"api_id\":\"1\",\"request_webapp_id\":\"20\",\"test_id\":\"6\",\"attr_id\":\"1\",\"cat_attr_val_id\":\"1\",\"is_on\":\"0\"},{\"id\":\"17\",\"api_id\":\"1\",\"request_webapp_id\":\"20\",\"test_id\":\"6\",\"attr_id\":\"1\",\"cat_attr_val_id\":\"2\",\"is_on\":\"0\"},{\"id\":\"18\",\"api_id\":\"1\",\"request_webapp_id\":\"20\",\"test_id\":\"6\",\"attr_id\":\"1\",\"cat_attr_val_id\":\"3\",\"is_on\":\"0\"}],\"BoolAttrTest\":[{\"id\":\"6\",\"api_id\":\"1\",\"request_webapp_id\":\"20\",\"attr_id\":\"2\",\"test_id\":\"6\",\"val\":\"0\",\"is_on\":\"0\"}],\"DeviceCrossVariant\":{\"Desktop\":[{\"id\":\"91\",\"api_id\":\"1\",\"request_webapp_id\":\"20\",\"device_id\":\"1\",\"variant_id\":\"16\",\"test_id\":\"6\",\"percentage\":\"50\"},{\"id\":\"92\",\"api_id\":\"1\",\"request_webapp_id\":\"20\",\"device_id\":\"1\",\"variant_id\":\"17\",\"test_id\":\"6\",\"percentage\":\"30\"},{\"id\":\"93\",\"api_id\":\"1\",\"request_webapp_id\":\"20\",\"device_id\":\"1\",\"variant_id\":\"18\",\"test_id\":\"6\",\"percentage\":\"20\"}],\"Mobile_iOS\":[{\"id\":\"94\",\"api_id\":\"1\",\"request_webapp_id\":\"20\",\"device_id\":\"2\",\"variant_id\":\"16\",\"test_id\":\"6\",\"percentage\":\"50\"},{\"id\":\"95\",\"api_id\":\"1\",\"request_webapp_id\":\"20\",\"device_id\":\"2\",\"variant_id\":\"17\",\"test_id\":\"6\",\"percentage\":\"30\"},{\"id\":\"96\",\"api_id\":\"1\",\"request_webapp_id\":\"20\",\"device_id\":\"2\",\"variant_id\":\"18\",\"test_id\":\"6\",\"percentage\":\"20\"}],\"Mobile_Android\":[{\"id\":\"97\",\"api_id\":\"1\",\"request_webapp_id\":\"20\",\"device_id\":\"3\",\"variant_id\":\"16\",\"test_id\":\"6\",\"percentage\":\"50\"},{\"id\":\"98\",\"api_id\":\"1\",\"request_webapp_id\":\"20\",\"device_id\":\"3\",\"variant_id\":\"17\",\"test_id\":\"6\",\"percentage\":\"30\"},{\"id\":\"99\",\"api_id\":\"1\",\"request_webapp_id\":\"20\",\"device_id\":\"3\",\"variant_id\":\"18\",\"test_id\":\"6\",\"percentage\":\"20\"}],\"Tablet_iOS\":[{\"id\":\"100\",\"api_id\":\"1\",\"request_webapp_id\":\"20\",\"device_id\":\"4\",\"variant_id\":\"16\",\"test_id\":\"6\",\"percentage\":\"50\"},{\"id\":\"101\",\"api_id\":\"1\",\"request_webapp_id\":\"20\",\"device_id\":\"4\",\"variant_id\":\"17\",\"test_id\":\"6\",\"percentage\":\"30\"},{\"id\":\"102\",\"api_id\":\"1\",\"request_webapp_id\":\"20\",\"device_id\":\"4\",\"variant_id\":\"18\",\"test_id\":\"6\",\"percentage\":\"20\"}],\"Tablet_Android\":[{\"id\":\"103\",\"api_id\":\"1\",\"request_webapp_id\":\"20\",\"device_id\":\"5\",\"variant_id\":\"16\",\"test_id\":\"6\",\"percentage\":\"50\"},{\"id\":\"104\",\"api_id\":\"1\",\"request_webapp_id\":\"20\",\"device_id\":\"5\",\"variant_id\":\"17\",\"test_id\":\"6\",\"percentage\":\"30\"},{\"id\":\"105\",\"api_id\":\"1\",\"request_webapp_id\":\"20\",\"device_id\":\"5\",\"variant_id\":\"18\",\"test_id\":\"6\",\"percentage\":\"20\"}],\"Other\":[{\"id\":\"106\",\"api_id\":\"1\",\"request_webapp_id\":\"20\",\"device_id\":\"6\",\"variant_id\":\"16\",\"test_id\":\"6\",\"percentage\":\"50\"},{\"id\":\"107\",\"api_id\":\"1\",\"request_webapp_id\":\"20\",\"device_id\":\"6\",\"variant_id\":\"17\",\"test_id\":\"6\",\"p',2,NULL,NULL,200),(25,'2018-04-21 06:11:14',152431627478894800,'{\"TestType\":\"XYTest\",\"Channel\":\"facebook\",\"BinType\":\"anonymous\",\"description\":\"some bogus description\",\"Creator\":\"joe\",\"name\":\"T7\",\"id\":\"\",\"Variants\":[{\"name\":\"Control\",\"percentage\":\"50\",\"url\":\"www.google.com\"},{\"name\":\"Variant_A\",\"percentage\":\"30\",\"url\":\"www.yahoo.com\"},{\"id\":\"300\",\"name\":\"Variant_B\",\"percentage\":\"20\",\"url\":\"www.cnn.com\"}]}',1,'Test [T7] with ID [7] inserted',NULL,200),(26,'2018-04-21 06:11:14',152431627481542400,'{\"id\":\"7\",\"name\":\"T7\",\"api_id\":\"1\",\"request_webapp_id\":\"25\",\"test_type_id\":\"2\",\"bin_type_id\":\"1\",\"pred_id\":null,\"channel_id\":\"5\",\"description\":\"some bogus description\",\"is_dev_specific\":\"0\",\"has_filters\":\"0\",\"seed\":\"3522862722256474489\",\"external_id\":\"152431627478894800\",\"created_at\":\"2018-04-21 06:11:14\",\"t_create\":\"152431627478894800\",\"updated_at\":\"2018-04-21 06:11:14\",\"t_update\":\"152431627478894800\",\"creator_id\":\"1\",\"updater_id\":\"1\",\"state_id\":\"1\",\"Creator\":\"joe\",\"TestType\":\"XYTest\",\"BinType\":\"anonymous\",\"State\":\"draft\",\"Channel\":\"facebook\",\"Variants\":[{\"id\":\"19\",\"name\":\"Control\",\"api_id\":\"1\",\"request_webapp_id\":\"25\",\"description\":null,\"test_id\":\"7\",\"percentage\":\"50\",\"is_final\":\"0\",\"url\":\"www.google.com\",\"custom_data\":null,\"is_del\":\"0\",\"pred_id\":null,\"created_at\":\"0000-00-00 00:00:00\",\"t_create\":\"0\",\"updated_at\":\"2018-04-21 06:11:14\",\"t_update\":\"152431627478894800\"},{\"id\":\"20\",\"name\":\"Variant_A\",\"api_id\":\"1\",\"request_webapp_id\":\"25\",\"description\":null,\"test_id\":\"7\",\"percentage\":\"30\",\"is_final\":\"0\",\"url\":\"www.yahoo.com\",\"custom_data\":null,\"is_del\":\"0\",\"pred_id\":null,\"created_at\":\"0000-00-00 00:00:00\",\"t_create\":\"0\",\"updated_at\":\"2018-04-21 06:11:14\",\"t_update\":\"152431627478894800\"},{\"id\":\"21\",\"name\":\"Variant_B\",\"api_id\":\"1\",\"request_webapp_id\":\"25\",\"description\":null,\"test_id\":\"7\",\"percentage\":\"20\",\"is_final\":\"0\",\"url\":\"www.cnn.com\",\"custom_data\":null,\"is_del\":\"0\",\"pred_id\":null,\"created_at\":\"0000-00-00 00:00:00\",\"t_create\":\"0\",\"updated_at\":\"2018-04-21 06:11:14\",\"t_update\":\"152431627478894800\"}],\"CatAttrValTest\":[{\"id\":\"19\",\"api_id\":\"1\",\"request_webapp_id\":\"25\",\"test_id\":\"7\",\"attr_id\":\"1\",\"cat_attr_val_id\":\"1\",\"is_on\":\"0\"},{\"id\":\"20\",\"api_id\":\"1\",\"request_webapp_id\":\"25\",\"test_id\":\"7\",\"attr_id\":\"1\",\"cat_attr_val_id\":\"2\",\"is_on\":\"0\"},{\"id\":\"21\",\"api_id\":\"1\",\"request_webapp_id\":\"25\",\"test_id\":\"7\",\"attr_id\":\"1\",\"cat_attr_val_id\":\"3\",\"is_on\":\"0\"}],\"BoolAttrTest\":[{\"id\":\"7\",\"api_id\":\"1\",\"request_webapp_id\":\"25\",\"attr_id\":\"2\",\"test_id\":\"7\",\"val\":\"0\",\"is_on\":\"0\"}],\"DeviceCrossVariant\":{\"Desktop\":[{\"id\":\"109\",\"api_id\":\"1\",\"request_webapp_id\":\"25\",\"device_id\":\"1\",\"variant_id\":\"19\",\"test_id\":\"7\",\"percentage\":\"50\"},{\"id\":\"110\",\"api_id\":\"1\",\"request_webapp_id\":\"25\",\"device_id\":\"1\",\"variant_id\":\"20\",\"test_id\":\"7\",\"percentage\":\"30\"},{\"id\":\"111\",\"api_id\":\"1\",\"request_webapp_id\":\"25\",\"device_id\":\"1\",\"variant_id\":\"21\",\"test_id\":\"7\",\"percentage\":\"20\"}],\"Mobile_iOS\":[{\"id\":\"112\",\"api_id\":\"1\",\"request_webapp_id\":\"25\",\"device_id\":\"2\",\"variant_id\":\"19\",\"test_id\":\"7\",\"percentage\":\"50\"},{\"id\":\"113\",\"api_id\":\"1\",\"request_webapp_id\":\"25\",\"device_id\":\"2\",\"variant_id\":\"20\",\"test_id\":\"7\",\"percentage\":\"30\"},{\"id\":\"114\",\"api_id\":\"1\",\"request_webapp_id\":\"25\",\"device_id\":\"2\",\"variant_id\":\"21\",\"test_id\":\"7\",\"percentage\":\"20\"}],\"Mobile_Android\":[{\"id\":\"115\",\"api_id\":\"1\",\"request_webapp_id\":\"25\",\"device_id\":\"3\",\"variant_id\":\"19\",\"test_id\":\"7\",\"percentage\":\"50\"},{\"id\":\"116\",\"api_id\":\"1\",\"request_webapp_id\":\"25\",\"device_id\":\"3\",\"variant_id\":\"20\",\"test_id\":\"7\",\"percentage\":\"30\"},{\"id\":\"117\",\"api_id\":\"1\",\"request_webapp_id\":\"25\",\"device_id\":\"3\",\"variant_id\":\"21\",\"test_id\":\"7\",\"percentage\":\"20\"}],\"Tablet_iOS\":[{\"id\":\"118\",\"api_id\":\"1\",\"request_webapp_id\":\"25\",\"device_id\":\"4\",\"variant_id\":\"19\",\"test_id\":\"7\",\"percentage\":\"50\"},{\"id\":\"119\",\"api_id\":\"1\",\"request_webapp_id\":\"25\",\"device_id\":\"4\",\"variant_id\":\"20\",\"test_id\":\"7\",\"percentage\":\"30\"},{\"id\":\"120\",\"api_id\":\"1\",\"request_webapp_id\":\"25\",\"device_id\":\"4\",\"variant_id\":\"21\",\"test_id\":\"7\",\"percentage\":\"20\"}],\"Tablet_Android\":[{\"id\":\"121\",\"api_id\":\"1\",\"request_webapp_id\":\"25\",\"device_id\":\"5\",\"variant_id\":\"19\",\"test_id\":\"7\",\"percentage\":\"50\"},{\"id\":\"122\",\"api_id\":\"1\",\"request_webapp_id\":\"25\",\"device_id\":\"5\",\"variant_id\":\"20\",\"test_id\":\"7\",\"percentage\":\"30\"},{\"id\":\"123\",\"api_id\":\"1\",\"request_webapp_id\":\"25\",\"device_id\":\"5\",\"variant_id\":\"21\",\"test_id\":\"7\",\"percentage\":\"20\"}],\"Other\":[{\"id\":\"124\",\"api_id\":\"1\",\"request_webapp_id\":\"25\",\"device_id\":\"6\",\"variant_id\":\"19\",\"test_id\":\"7\",\"percentage\":\"50\"},{\"id\":\"125\",\"api_id\":\"1\",\"request_webapp_id\":\"25\",\"device_id\":\"6\",\"variant_id\":\"20\",\"test_id\":\"7\",\"percentage\":\"30\"},{\"',2,NULL,NULL,200),(27,'2018-04-21 06:11:14',152431627482728400,'{\"id\":\"7\",\"name\":\"T7\",\"api_id\":\"2\",\"request_webapp_id\":\"26\",\"test_type_id\":\"2\",\"bin_type_id\":\"1\",\"pred_id\":null,\"channel_id\":\"5\",\"description\":\"some bogus description\",\"is_dev_specific\":\"0\",\"has_filters\":\"0\",\"seed\":\"3522862722256474489\",\"external_id\":\"152431627478894800\",\"created_at\":\"2018-04-21 06:11:14\",\"t_create\":\"152431627478894800\",\"updated_at\":\"2018-04-21 06:11:14\",\"t_update\":\"152431627478894800\",\"creator_id\":\"1\",\"updater_id\":\"1\",\"state_id\":\"2\",\"Creator\":\"joe\",\"TestType\":\"XYTest\",\"BinType\":\"anonymous\",\"State\":\"dormant\",\"Channel\":\"facebook\",\"Variants\":[{\"id\":\"19\",\"name\":\"Control\",\"api_id\":\"1\",\"request_webapp_id\":\"25\",\"description\":null,\"test_id\":\"7\",\"percentage\":\"50\",\"is_final\":\"0\",\"url\":\"www.google.com\",\"custom_data\":null,\"is_del\":\"0\",\"pred_id\":null,\"created_at\":\"0000-00-00 00:00:00\",\"t_create\":\"0\",\"updated_at\":\"2018-04-21 06:11:14\",\"t_update\":\"152431627478894800\"},{\"id\":\"20\",\"name\":\"Variant_A\",\"api_id\":\"1\",\"request_webapp_id\":\"25\",\"description\":null,\"test_id\":\"7\",\"percentage\":\"30\",\"is_final\":\"0\",\"url\":\"www.yahoo.com\",\"custom_data\":null,\"is_del\":\"0\",\"pred_id\":null,\"created_at\":\"0000-00-00 00:00:00\",\"t_create\":\"0\",\"updated_at\":\"2018-04-21 06:11:14\",\"t_update\":\"152431627478894800\"},{\"id\":\"21\",\"name\":\"Variant_B\",\"api_id\":\"1\",\"request_webapp_id\":\"25\",\"description\":null,\"test_id\":\"7\",\"percentage\":\"20\",\"is_final\":\"0\",\"url\":\"www.cnn.com\",\"custom_data\":null,\"is_del\":\"0\",\"pred_id\":null,\"created_at\":\"0000-00-00 00:00:00\",\"t_create\":\"0\",\"updated_at\":\"2018-04-21 06:11:14\",\"t_update\":\"152431627478894800\"}],\"CatAttrValTest\":[{\"id\":\"19\",\"api_id\":\"1\",\"request_webapp_id\":\"25\",\"test_id\":\"7\",\"attr_id\":\"1\",\"cat_attr_val_id\":\"1\",\"is_on\":\"0\"},{\"id\":\"20\",\"api_id\":\"1\",\"request_webapp_id\":\"25\",\"test_id\":\"7\",\"attr_id\":\"1\",\"cat_attr_val_id\":\"2\",\"is_on\":\"0\"},{\"id\":\"21\",\"api_id\":\"1\",\"request_webapp_id\":\"25\",\"test_id\":\"7\",\"attr_id\":\"1\",\"cat_attr_val_id\":\"3\",\"is_on\":\"0\"}],\"BoolAttrTest\":[{\"id\":\"7\",\"api_id\":\"1\",\"request_webapp_id\":\"25\",\"attr_id\":\"2\",\"test_id\":\"7\",\"val\":\"0\",\"is_on\":\"0\"}],\"DeviceCrossVariant\":{\"Desktop\":[{\"id\":\"109\",\"api_id\":\"1\",\"request_webapp_id\":\"25\",\"device_id\":\"1\",\"variant_id\":\"19\",\"test_id\":\"7\",\"percentage\":\"50\"},{\"id\":\"110\",\"api_id\":\"1\",\"request_webapp_id\":\"25\",\"device_id\":\"1\",\"variant_id\":\"20\",\"test_id\":\"7\",\"percentage\":\"30\"},{\"id\":\"111\",\"api_id\":\"1\",\"request_webapp_id\":\"25\",\"device_id\":\"1\",\"variant_id\":\"21\",\"test_id\":\"7\",\"percentage\":\"20\"}],\"Mobile_iOS\":[{\"id\":\"112\",\"api_id\":\"1\",\"request_webapp_id\":\"25\",\"device_id\":\"2\",\"variant_id\":\"19\",\"test_id\":\"7\",\"percentage\":\"50\"},{\"id\":\"113\",\"api_id\":\"1\",\"request_webapp_id\":\"25\",\"device_id\":\"2\",\"variant_id\":\"20\",\"test_id\":\"7\",\"percentage\":\"30\"},{\"id\":\"114\",\"api_id\":\"1\",\"request_webapp_id\":\"25\",\"device_id\":\"2\",\"variant_id\":\"21\",\"test_id\":\"7\",\"percentage\":\"20\"}],\"Mobile_Android\":[{\"id\":\"115\",\"api_id\":\"1\",\"request_webapp_id\":\"25\",\"device_id\":\"3\",\"variant_id\":\"19\",\"test_id\":\"7\",\"percentage\":\"50\"},{\"id\":\"116\",\"api_id\":\"1\",\"request_webapp_id\":\"25\",\"device_id\":\"3\",\"variant_id\":\"20\",\"test_id\":\"7\",\"percentage\":\"30\"},{\"id\":\"117\",\"api_id\":\"1\",\"request_webapp_id\":\"25\",\"device_id\":\"3\",\"variant_id\":\"21\",\"test_id\":\"7\",\"percentage\":\"20\"}],\"Tablet_iOS\":[{\"id\":\"118\",\"api_id\":\"1\",\"request_webapp_id\":\"25\",\"device_id\":\"4\",\"variant_id\":\"19\",\"test_id\":\"7\",\"percentage\":\"50\"},{\"id\":\"119\",\"api_id\":\"1\",\"request_webapp_id\":\"25\",\"device_id\":\"4\",\"variant_id\":\"20\",\"test_id\":\"7\",\"percentage\":\"30\"},{\"id\":\"120\",\"api_id\":\"1\",\"request_webapp_id\":\"25\",\"device_id\":\"4\",\"variant_id\":\"21\",\"test_id\":\"7\",\"percentage\":\"20\"}],\"Tablet_Android\":[{\"id\":\"121\",\"api_id\":\"1\",\"request_webapp_id\":\"25\",\"device_id\":\"5\",\"variant_id\":\"19\",\"test_id\":\"7\",\"percentage\":\"50\"},{\"id\":\"122\",\"api_id\":\"1\",\"request_webapp_id\":\"25\",\"device_id\":\"5\",\"variant_id\":\"20\",\"test_id\":\"7\",\"percentage\":\"30\"},{\"id\":\"123\",\"api_id\":\"1\",\"request_webapp_id\":\"25\",\"device_id\":\"5\",\"variant_id\":\"21\",\"test_id\":\"7\",\"percentage\":\"20\"}],\"Other\":[{\"id\":\"124\",\"api_id\":\"1\",\"request_webapp_id\":\"25\",\"device_id\":\"6\",\"variant_id\":\"19\",\"test_id\":\"7\",\"percentage\":\"50\"},{\"id\":\"125\",\"api_id\":\"1\",\"request_webapp_id\":\"25\",\"device_id\":\"6\",\"variant_id\":\"20\",\"test_id\":\"7\",\"percentage\":\"30\"},',2,NULL,NULL,200),(28,'2018-04-21 06:11:14',152431627484473200,'{\"TestType\":\"XYTest\",\"Channel\":\"facebook\",\"BinType\":\"anonymous\",\"description\":\"some bogus description\",\"Creator\":\"joe\",\"name\":\"T8\",\"id\":\"\",\"Variants\":[{\"name\":\"Control\",\"percentage\":\"50\",\"url\":\"www.google.com\"},{\"name\":\"Variant_A\",\"percentage\":\"30\",\"url\":\"www.yahoo.com\"},{\"id\":\"300\",\"name\":\"Variant_B\",\"percentage\":\"20\",\"url\":\"www.cnn.com\"}]}',1,'Test [T8] with ID [8] inserted',NULL,200),(29,'2018-04-21 06:11:14',152431627488154600,'{\"id\":\"8\",\"name\":\"T8\",\"api_id\":\"1\",\"request_webapp_id\":\"28\",\"test_type_id\":\"2\",\"bin_type_id\":\"1\",\"pred_id\":null,\"channel_id\":\"5\",\"description\":\"some bogus description\",\"is_dev_specific\":\"0\",\"has_filters\":\"0\",\"seed\":\"4352531902400857234\",\"external_id\":\"152431627484473200\",\"created_at\":\"2018-04-21 06:11:14\",\"t_create\":\"152431627484473200\",\"updated_at\":\"2018-04-21 06:11:14\",\"t_update\":\"152431627484473200\",\"creator_id\":\"1\",\"updater_id\":\"1\",\"state_id\":\"1\",\"Creator\":\"joe\",\"TestType\":\"XYTest\",\"BinType\":\"anonymous\",\"State\":\"draft\",\"Channel\":\"facebook\",\"Variants\":[{\"id\":\"22\",\"name\":\"Control\",\"api_id\":\"1\",\"request_webapp_id\":\"28\",\"description\":null,\"test_id\":\"8\",\"percentage\":\"50\",\"is_final\":\"0\",\"url\":\"www.google.com\",\"custom_data\":null,\"is_del\":\"0\",\"pred_id\":null,\"created_at\":\"0000-00-00 00:00:00\",\"t_create\":\"0\",\"updated_at\":\"2018-04-21 06:11:14\",\"t_update\":\"152431627484473200\"},{\"id\":\"23\",\"name\":\"Variant_A\",\"api_id\":\"1\",\"request_webapp_id\":\"28\",\"description\":null,\"test_id\":\"8\",\"percentage\":\"30\",\"is_final\":\"0\",\"url\":\"www.yahoo.com\",\"custom_data\":null,\"is_del\":\"0\",\"pred_id\":null,\"created_at\":\"0000-00-00 00:00:00\",\"t_create\":\"0\",\"updated_at\":\"2018-04-21 06:11:14\",\"t_update\":\"152431627484473200\"},{\"id\":\"24\",\"name\":\"Variant_B\",\"api_id\":\"1\",\"request_webapp_id\":\"28\",\"description\":null,\"test_id\":\"8\",\"percentage\":\"20\",\"is_final\":\"0\",\"url\":\"www.cnn.com\",\"custom_data\":null,\"is_del\":\"0\",\"pred_id\":null,\"created_at\":\"0000-00-00 00:00:00\",\"t_create\":\"0\",\"updated_at\":\"2018-04-21 06:11:14\",\"t_update\":\"152431627484473200\"}],\"CatAttrValTest\":[{\"id\":\"22\",\"api_id\":\"1\",\"request_webapp_id\":\"28\",\"test_id\":\"8\",\"attr_id\":\"1\",\"cat_attr_val_id\":\"1\",\"is_on\":\"0\"},{\"id\":\"23\",\"api_id\":\"1\",\"request_webapp_id\":\"28\",\"test_id\":\"8\",\"attr_id\":\"1\",\"cat_attr_val_id\":\"2\",\"is_on\":\"0\"},{\"id\":\"24\",\"api_id\":\"1\",\"request_webapp_id\":\"28\",\"test_id\":\"8\",\"attr_id\":\"1\",\"cat_attr_val_id\":\"3\",\"is_on\":\"0\"}],\"BoolAttrTest\":[{\"id\":\"8\",\"api_id\":\"1\",\"request_webapp_id\":\"28\",\"attr_id\":\"2\",\"test_id\":\"8\",\"val\":\"0\",\"is_on\":\"0\"}],\"DeviceCrossVariant\":{\"Desktop\":[{\"id\":\"127\",\"api_id\":\"1\",\"request_webapp_id\":\"28\",\"device_id\":\"1\",\"variant_id\":\"22\",\"test_id\":\"8\",\"percentage\":\"50\"},{\"id\":\"128\",\"api_id\":\"1\",\"request_webapp_id\":\"28\",\"device_id\":\"1\",\"variant_id\":\"23\",\"test_id\":\"8\",\"percentage\":\"30\"},{\"id\":\"129\",\"api_id\":\"1\",\"request_webapp_id\":\"28\",\"device_id\":\"1\",\"variant_id\":\"24\",\"test_id\":\"8\",\"percentage\":\"20\"}],\"Mobile_iOS\":[{\"id\":\"130\",\"api_id\":\"1\",\"request_webapp_id\":\"28\",\"device_id\":\"2\",\"variant_id\":\"22\",\"test_id\":\"8\",\"percentage\":\"50\"},{\"id\":\"131\",\"api_id\":\"1\",\"request_webapp_id\":\"28\",\"device_id\":\"2\",\"variant_id\":\"23\",\"test_id\":\"8\",\"percentage\":\"30\"},{\"id\":\"132\",\"api_id\":\"1\",\"request_webapp_id\":\"28\",\"device_id\":\"2\",\"variant_id\":\"24\",\"test_id\":\"8\",\"percentage\":\"20\"}],\"Mobile_Android\":[{\"id\":\"133\",\"api_id\":\"1\",\"request_webapp_id\":\"28\",\"device_id\":\"3\",\"variant_id\":\"22\",\"test_id\":\"8\",\"percentage\":\"50\"},{\"id\":\"134\",\"api_id\":\"1\",\"request_webapp_id\":\"28\",\"device_id\":\"3\",\"variant_id\":\"23\",\"test_id\":\"8\",\"percentage\":\"30\"},{\"id\":\"135\",\"api_id\":\"1\",\"request_webapp_id\":\"28\",\"device_id\":\"3\",\"variant_id\":\"24\",\"test_id\":\"8\",\"percentage\":\"20\"}],\"Tablet_iOS\":[{\"id\":\"136\",\"api_id\":\"1\",\"request_webapp_id\":\"28\",\"device_id\":\"4\",\"variant_id\":\"22\",\"test_id\":\"8\",\"percentage\":\"50\"},{\"id\":\"137\",\"api_id\":\"1\",\"request_webapp_id\":\"28\",\"device_id\":\"4\",\"variant_id\":\"23\",\"test_id\":\"8\",\"percentage\":\"30\"},{\"id\":\"138\",\"api_id\":\"1\",\"request_webapp_id\":\"28\",\"device_id\":\"4\",\"variant_id\":\"24\",\"test_id\":\"8\",\"percentage\":\"20\"}],\"Tablet_Android\":[{\"id\":\"139\",\"api_id\":\"1\",\"request_webapp_id\":\"28\",\"device_id\":\"5\",\"variant_id\":\"22\",\"test_id\":\"8\",\"percentage\":\"50\"},{\"id\":\"140\",\"api_id\":\"1\",\"request_webapp_id\":\"28\",\"device_id\":\"5\",\"variant_id\":\"23\",\"test_id\":\"8\",\"percentage\":\"30\"},{\"id\":\"141\",\"api_id\":\"1\",\"request_webapp_id\":\"28\",\"device_id\":\"5\",\"variant_id\":\"24\",\"test_id\":\"8\",\"percentage\":\"20\"}],\"Other\":[{\"id\":\"142\",\"api_id\":\"1\",\"request_webapp_id\":\"28\",\"device_id\":\"6\",\"variant_id\":\"22\",\"test_id\":\"8\",\"percentage\":\"50\"},{\"id\":\"143\",\"api_id\":\"1\",\"request_webapp_id\":\"28\",\"device_id\":\"6\",\"variant_id\":\"23\",\"test_id\":\"8\",\"percentage\":\"30\"},{\"',2,NULL,NULL,200),(30,'2018-04-21 06:11:14',152431627490143000,'{\"id\":\"8\",\"name\":\"T8\",\"api_id\":\"2\",\"request_webapp_id\":\"29\",\"test_type_id\":\"2\",\"bin_type_id\":\"1\",\"pred_id\":null,\"channel_id\":\"5\",\"description\":\"some bogus description\",\"is_dev_specific\":\"0\",\"has_filters\":\"0\",\"seed\":\"4352531902400857234\",\"external_id\":\"152431627484473200\",\"created_at\":\"2018-04-21 06:11:14\",\"t_create\":\"152431627484473200\",\"updated_at\":\"2018-04-21 06:11:14\",\"t_update\":\"152431627484473200\",\"creator_id\":\"1\",\"updater_id\":\"1\",\"state_id\":\"2\",\"Creator\":\"joe\",\"TestType\":\"XYTest\",\"BinType\":\"anonymous\",\"State\":\"dormant\",\"Channel\":\"facebook\",\"Variants\":[{\"id\":\"22\",\"name\":\"Control\",\"api_id\":\"1\",\"request_webapp_id\":\"28\",\"description\":null,\"test_id\":\"8\",\"percentage\":\"50\",\"is_final\":\"0\",\"url\":\"www.google.com\",\"custom_data\":null,\"is_del\":\"0\",\"pred_id\":null,\"created_at\":\"0000-00-00 00:00:00\",\"t_create\":\"0\",\"updated_at\":\"2018-04-21 06:11:14\",\"t_update\":\"152431627484473200\"},{\"id\":\"23\",\"name\":\"Variant_A\",\"api_id\":\"1\",\"request_webapp_id\":\"28\",\"description\":null,\"test_id\":\"8\",\"percentage\":\"30\",\"is_final\":\"0\",\"url\":\"www.yahoo.com\",\"custom_data\":null,\"is_del\":\"0\",\"pred_id\":null,\"created_at\":\"0000-00-00 00:00:00\",\"t_create\":\"0\",\"updated_at\":\"2018-04-21 06:11:14\",\"t_update\":\"152431627484473200\"},{\"id\":\"24\",\"name\":\"Variant_B\",\"api_id\":\"1\",\"request_webapp_id\":\"28\",\"description\":null,\"test_id\":\"8\",\"percentage\":\"20\",\"is_final\":\"0\",\"url\":\"www.cnn.com\",\"custom_data\":null,\"is_del\":\"0\",\"pred_id\":null,\"created_at\":\"0000-00-00 00:00:00\",\"t_create\":\"0\",\"updated_at\":\"2018-04-21 06:11:14\",\"t_update\":\"152431627484473200\"}],\"CatAttrValTest\":[{\"id\":\"22\",\"api_id\":\"1\",\"request_webapp_id\":\"28\",\"test_id\":\"8\",\"attr_id\":\"1\",\"cat_attr_val_id\":\"1\",\"is_on\":\"0\"},{\"id\":\"23\",\"api_id\":\"1\",\"request_webapp_id\":\"28\",\"test_id\":\"8\",\"attr_id\":\"1\",\"cat_attr_val_id\":\"2\",\"is_on\":\"0\"},{\"id\":\"24\",\"api_id\":\"1\",\"request_webapp_id\":\"28\",\"test_id\":\"8\",\"attr_id\":\"1\",\"cat_attr_val_id\":\"3\",\"is_on\":\"0\"}],\"BoolAttrTest\":[{\"id\":\"8\",\"api_id\":\"1\",\"request_webapp_id\":\"28\",\"attr_id\":\"2\",\"test_id\":\"8\",\"val\":\"0\",\"is_on\":\"0\"}],\"DeviceCrossVariant\":{\"Desktop\":[{\"id\":\"127\",\"api_id\":\"1\",\"request_webapp_id\":\"28\",\"device_id\":\"1\",\"variant_id\":\"22\",\"test_id\":\"8\",\"percentage\":\"50\"},{\"id\":\"128\",\"api_id\":\"1\",\"request_webapp_id\":\"28\",\"device_id\":\"1\",\"variant_id\":\"23\",\"test_id\":\"8\",\"percentage\":\"30\"},{\"id\":\"129\",\"api_id\":\"1\",\"request_webapp_id\":\"28\",\"device_id\":\"1\",\"variant_id\":\"24\",\"test_id\":\"8\",\"percentage\":\"20\"}],\"Mobile_iOS\":[{\"id\":\"130\",\"api_id\":\"1\",\"request_webapp_id\":\"28\",\"device_id\":\"2\",\"variant_id\":\"22\",\"test_id\":\"8\",\"percentage\":\"50\"},{\"id\":\"131\",\"api_id\":\"1\",\"request_webapp_id\":\"28\",\"device_id\":\"2\",\"variant_id\":\"23\",\"test_id\":\"8\",\"percentage\":\"30\"},{\"id\":\"132\",\"api_id\":\"1\",\"request_webapp_id\":\"28\",\"device_id\":\"2\",\"variant_id\":\"24\",\"test_id\":\"8\",\"percentage\":\"20\"}],\"Mobile_Android\":[{\"id\":\"133\",\"api_id\":\"1\",\"request_webapp_id\":\"28\",\"device_id\":\"3\",\"variant_id\":\"22\",\"test_id\":\"8\",\"percentage\":\"50\"},{\"id\":\"134\",\"api_id\":\"1\",\"request_webapp_id\":\"28\",\"device_id\":\"3\",\"variant_id\":\"23\",\"test_id\":\"8\",\"percentage\":\"30\"},{\"id\":\"135\",\"api_id\":\"1\",\"request_webapp_id\":\"28\",\"device_id\":\"3\",\"variant_id\":\"24\",\"test_id\":\"8\",\"percentage\":\"20\"}],\"Tablet_iOS\":[{\"id\":\"136\",\"api_id\":\"1\",\"request_webapp_id\":\"28\",\"device_id\":\"4\",\"variant_id\":\"22\",\"test_id\":\"8\",\"percentage\":\"50\"},{\"id\":\"137\",\"api_id\":\"1\",\"request_webapp_id\":\"28\",\"device_id\":\"4\",\"variant_id\":\"23\",\"test_id\":\"8\",\"percentage\":\"30\"},{\"id\":\"138\",\"api_id\":\"1\",\"request_webapp_id\":\"28\",\"device_id\":\"4\",\"variant_id\":\"24\",\"test_id\":\"8\",\"percentage\":\"20\"}],\"Tablet_Android\":[{\"id\":\"139\",\"api_id\":\"1\",\"request_webapp_id\":\"28\",\"device_id\":\"5\",\"variant_id\":\"22\",\"test_id\":\"8\",\"percentage\":\"50\"},{\"id\":\"140\",\"api_id\":\"1\",\"request_webapp_id\":\"28\",\"device_id\":\"5\",\"variant_id\":\"23\",\"test_id\":\"8\",\"percentage\":\"30\"},{\"id\":\"141\",\"api_id\":\"1\",\"request_webapp_id\":\"28\",\"device_id\":\"5\",\"variant_id\":\"24\",\"test_id\":\"8\",\"percentage\":\"20\"}],\"Other\":[{\"id\":\"142\",\"api_id\":\"1\",\"request_webapp_id\":\"28\",\"device_id\":\"6\",\"variant_id\":\"22\",\"test_id\":\"8\",\"percentage\":\"50\"},{\"id\":\"143\",\"api_id\":\"1\",\"request_webapp_id\":\"28\",\"device_id\":\"6\",\"variant_id\":\"23\",\"test_id\":\"8\",\"percentage\":\"30\"},',2,NULL,NULL,200),(31,'2018-04-21 06:11:14',152431627492226900,'{\"id\":\"8\",\"name\":\"T8\",\"api_id\":\"2\",\"request_webapp_id\":\"30\",\"test_type_id\":\"2\",\"bin_type_id\":\"1\",\"pred_id\":null,\"channel_id\":\"5\",\"description\":\"some bogus description\",\"is_dev_specific\":\"0\",\"has_filters\":\"0\",\"seed\":\"4352531902400857234\",\"external_id\":\"152431627484473200\",\"created_at\":\"2018-04-21 06:11:14\",\"t_create\":\"152431627484473200\",\"updated_at\":\"2018-04-21 06:11:14\",\"t_update\":\"152431627484473200\",\"creator_id\":\"1\",\"updater_id\":\"1\",\"state_id\":\"3\",\"Creator\":\"joe\",\"TestType\":\"XYTest\",\"BinType\":\"anonymous\",\"State\":\"started\",\"Channel\":\"facebook\",\"Variants\":[{\"id\":\"22\",\"name\":\"Control\",\"api_id\":\"1\",\"request_webapp_id\":\"28\",\"description\":null,\"test_id\":\"8\",\"percentage\":\"50\",\"is_final\":\"0\",\"url\":\"www.google.com\",\"custom_data\":null,\"is_del\":\"0\",\"pred_id\":null,\"created_at\":\"0000-00-00 00:00:00\",\"t_create\":\"0\",\"updated_at\":\"2018-04-21 06:11:14\",\"t_update\":\"152431627484473200\"},{\"id\":\"23\",\"name\":\"Variant_A\",\"api_id\":\"1\",\"request_webapp_id\":\"28\",\"description\":null,\"test_id\":\"8\",\"percentage\":\"30\",\"is_final\":\"0\",\"url\":\"www.yahoo.com\",\"custom_data\":null,\"is_del\":\"0\",\"pred_id\":null,\"created_at\":\"0000-00-00 00:00:00\",\"t_create\":\"0\",\"updated_at\":\"2018-04-21 06:11:14\",\"t_update\":\"152431627484473200\"},{\"id\":\"24\",\"name\":\"Variant_B\",\"api_id\":\"1\",\"request_webapp_id\":\"28\",\"description\":null,\"test_id\":\"8\",\"percentage\":\"20\",\"is_final\":\"0\",\"url\":\"www.cnn.com\",\"custom_data\":null,\"is_del\":\"0\",\"pred_id\":null,\"created_at\":\"0000-00-00 00:00:00\",\"t_create\":\"0\",\"updated_at\":\"2018-04-21 06:11:14\",\"t_update\":\"152431627484473200\"}],\"CatAttrValTest\":[{\"id\":\"22\",\"api_id\":\"1\",\"request_webapp_id\":\"28\",\"test_id\":\"8\",\"attr_id\":\"1\",\"cat_attr_val_id\":\"1\",\"is_on\":\"0\"},{\"id\":\"23\",\"api_id\":\"1\",\"request_webapp_id\":\"28\",\"test_id\":\"8\",\"attr_id\":\"1\",\"cat_attr_val_id\":\"2\",\"is_on\":\"0\"},{\"id\":\"24\",\"api_id\":\"1\",\"request_webapp_id\":\"28\",\"test_id\":\"8\",\"attr_id\":\"1\",\"cat_attr_val_id\":\"3\",\"is_on\":\"0\"}],\"BoolAttrTest\":[{\"id\":\"8\",\"api_id\":\"1\",\"request_webapp_id\":\"28\",\"attr_id\":\"2\",\"test_id\":\"8\",\"val\":\"0\",\"is_on\":\"0\"}],\"DeviceCrossVariant\":{\"Desktop\":[{\"id\":\"127\",\"api_id\":\"1\",\"request_webapp_id\":\"28\",\"device_id\":\"1\",\"variant_id\":\"22\",\"test_id\":\"8\",\"percentage\":\"50\"},{\"id\":\"128\",\"api_id\":\"1\",\"request_webapp_id\":\"28\",\"device_id\":\"1\",\"variant_id\":\"23\",\"test_id\":\"8\",\"percentage\":\"30\"},{\"id\":\"129\",\"api_id\":\"1\",\"request_webapp_id\":\"28\",\"device_id\":\"1\",\"variant_id\":\"24\",\"test_id\":\"8\",\"percentage\":\"20\"}],\"Mobile_iOS\":[{\"id\":\"130\",\"api_id\":\"1\",\"request_webapp_id\":\"28\",\"device_id\":\"2\",\"variant_id\":\"22\",\"test_id\":\"8\",\"percentage\":\"50\"},{\"id\":\"131\",\"api_id\":\"1\",\"request_webapp_id\":\"28\",\"device_id\":\"2\",\"variant_id\":\"23\",\"test_id\":\"8\",\"percentage\":\"30\"},{\"id\":\"132\",\"api_id\":\"1\",\"request_webapp_id\":\"28\",\"device_id\":\"2\",\"variant_id\":\"24\",\"test_id\":\"8\",\"percentage\":\"20\"}],\"Mobile_Android\":[{\"id\":\"133\",\"api_id\":\"1\",\"request_webapp_id\":\"28\",\"device_id\":\"3\",\"variant_id\":\"22\",\"test_id\":\"8\",\"percentage\":\"50\"},{\"id\":\"134\",\"api_id\":\"1\",\"request_webapp_id\":\"28\",\"device_id\":\"3\",\"variant_id\":\"23\",\"test_id\":\"8\",\"percentage\":\"30\"},{\"id\":\"135\",\"api_id\":\"1\",\"request_webapp_id\":\"28\",\"device_id\":\"3\",\"variant_id\":\"24\",\"test_id\":\"8\",\"percentage\":\"20\"}],\"Tablet_iOS\":[{\"id\":\"136\",\"api_id\":\"1\",\"request_webapp_id\":\"28\",\"device_id\":\"4\",\"variant_id\":\"22\",\"test_id\":\"8\",\"percentage\":\"50\"},{\"id\":\"137\",\"api_id\":\"1\",\"request_webapp_id\":\"28\",\"device_id\":\"4\",\"variant_id\":\"23\",\"test_id\":\"8\",\"percentage\":\"30\"},{\"id\":\"138\",\"api_id\":\"1\",\"request_webapp_id\":\"28\",\"device_id\":\"4\",\"variant_id\":\"24\",\"test_id\":\"8\",\"percentage\":\"20\"}],\"Tablet_Android\":[{\"id\":\"139\",\"api_id\":\"1\",\"request_webapp_id\":\"28\",\"device_id\":\"5\",\"variant_id\":\"22\",\"test_id\":\"8\",\"percentage\":\"50\"},{\"id\":\"140\",\"api_id\":\"1\",\"request_webapp_id\":\"28\",\"device_id\":\"5\",\"variant_id\":\"23\",\"test_id\":\"8\",\"percentage\":\"30\"},{\"id\":\"141\",\"api_id\":\"1\",\"request_webapp_id\":\"28\",\"device_id\":\"5\",\"variant_id\":\"24\",\"test_id\":\"8\",\"percentage\":\"20\"}],\"Other\":[{\"id\":\"142\",\"api_id\":\"1\",\"request_webapp_id\":\"28\",\"device_id\":\"6\",\"variant_id\":\"22\",\"test_id\":\"8\",\"percentage\":\"50\"},{\"id\":\"143\",\"api_id\":\"1\",\"request_webapp_id\":\"28\",\"device_id\":\"6\",\"variant_id\":\"23\",\"test_id\":\"8\",\"percentage\":\"30\"},',2,NULL,NULL,200),(32,'2018-04-21 06:11:14',152431627494618600,'{\"id\":\"8\",\"name\":\"T8\",\"api_id\":\"2\",\"request_webapp_id\":\"31\",\"test_type_id\":\"2\",\"bin_type_id\":\"1\",\"pred_id\":null,\"channel_id\":\"5\",\"description\":\"some bogus description\",\"is_dev_specific\":\"0\",\"has_filters\":\"0\",\"seed\":\"4352531902400857234\",\"external_id\":\"152431627484473200\",\"created_at\":\"2018-04-21 06:11:14\",\"t_create\":\"152431627484473200\",\"updated_at\":\"2018-04-21 06:11:14\",\"t_update\":\"152431627484473200\",\"creator_id\":\"1\",\"updater_id\":\"1\",\"state_id\":\"4\",\"Creator\":\"joe\",\"TestType\":\"XYTest\",\"BinType\":\"anonymous\",\"State\":\"terminated\",\"Channel\":\"facebook\",\"Variants\":[{\"id\":\"22\",\"name\":\"Control\",\"api_id\":\"2\",\"request_webapp_id\":\"31\",\"description\":null,\"test_id\":\"8\",\"percentage\":\"100\",\"is_final\":\"1\",\"url\":\"www.google.com\",\"custom_data\":null,\"is_del\":\"0\",\"pred_id\":null,\"created_at\":\"0000-00-00 00:00:00\",\"t_create\":\"0\",\"updated_at\":\"2018-04-21 06:11:14\",\"t_update\":\"152431627484473200\"},{\"id\":\"23\",\"name\":\"Variant_A\",\"api_id\":\"2\",\"request_webapp_id\":\"31\",\"description\":null,\"test_id\":\"8\",\"percentage\":\"0\",\"is_final\":\"0\",\"url\":\"www.yahoo.com\",\"custom_data\":null,\"is_del\":\"0\",\"pred_id\":null,\"created_at\":\"0000-00-00 00:00:00\",\"t_create\":\"0\",\"updated_at\":\"2018-04-21 06:11:14\",\"t_update\":\"152431627484473200\"},{\"id\":\"24\",\"name\":\"Variant_B\",\"api_id\":\"2\",\"request_webapp_id\":\"31\",\"description\":null,\"test_id\":\"8\",\"percentage\":\"0\",\"is_final\":\"0\",\"url\":\"www.cnn.com\",\"custom_data\":null,\"is_del\":\"0\",\"pred_id\":null,\"created_at\":\"0000-00-00 00:00:00\",\"t_create\":\"0\",\"updated_at\":\"2018-04-21 06:11:14\",\"t_update\":\"152431627484473200\"}],\"CatAttrValTest\":[{\"id\":\"22\",\"api_id\":\"1\",\"request_webapp_id\":\"28\",\"test_id\":\"8\",\"attr_id\":\"1\",\"cat_attr_val_id\":\"1\",\"is_on\":\"0\"},{\"id\":\"23\",\"api_id\":\"1\",\"request_webapp_id\":\"28\",\"test_id\":\"8\",\"attr_id\":\"1\",\"cat_attr_val_id\":\"2\",\"is_on\":\"0\"},{\"id\":\"24\",\"api_id\":\"1\",\"request_webapp_id\":\"28\",\"test_id\":\"8\",\"attr_id\":\"1\",\"cat_attr_val_id\":\"3\",\"is_on\":\"0\"}],\"BoolAttrTest\":[{\"id\":\"8\",\"api_id\":\"1\",\"request_webapp_id\":\"28\",\"attr_id\":\"2\",\"test_id\":\"8\",\"val\":\"0\",\"is_on\":\"0\"}],\"DeviceCrossVariant\":{\"Desktop\":[{\"id\":\"127\",\"api_id\":\"1\",\"request_webapp_id\":\"28\",\"device_id\":\"1\",\"variant_id\":\"22\",\"test_id\":\"8\",\"percentage\":\"50\"},{\"id\":\"128\",\"api_id\":\"1\",\"request_webapp_id\":\"28\",\"device_id\":\"1\",\"variant_id\":\"23\",\"test_id\":\"8\",\"percentage\":\"30\"},{\"id\":\"129\",\"api_id\":\"1\",\"request_webapp_id\":\"28\",\"device_id\":\"1\",\"variant_id\":\"24\",\"test_id\":\"8\",\"percentage\":\"20\"}],\"Mobile_iOS\":[{\"id\":\"130\",\"api_id\":\"1\",\"request_webapp_id\":\"28\",\"device_id\":\"2\",\"variant_id\":\"22\",\"test_id\":\"8\",\"percentage\":\"50\"},{\"id\":\"131\",\"api_id\":\"1\",\"request_webapp_id\":\"28\",\"device_id\":\"2\",\"variant_id\":\"23\",\"test_id\":\"8\",\"percentage\":\"30\"},{\"id\":\"132\",\"api_id\":\"1\",\"request_webapp_id\":\"28\",\"device_id\":\"2\",\"variant_id\":\"24\",\"test_id\":\"8\",\"percentage\":\"20\"}],\"Mobile_Android\":[{\"id\":\"133\",\"api_id\":\"1\",\"request_webapp_id\":\"28\",\"device_id\":\"3\",\"variant_id\":\"22\",\"test_id\":\"8\",\"percentage\":\"50\"},{\"id\":\"134\",\"api_id\":\"1\",\"request_webapp_id\":\"28\",\"device_id\":\"3\",\"variant_id\":\"23\",\"test_id\":\"8\",\"percentage\":\"30\"},{\"id\":\"135\",\"api_id\":\"1\",\"request_webapp_id\":\"28\",\"device_id\":\"3\",\"variant_id\":\"24\",\"test_id\":\"8\",\"percentage\":\"20\"}],\"Tablet_iOS\":[{\"id\":\"136\",\"api_id\":\"1\",\"request_webapp_id\":\"28\",\"device_id\":\"4\",\"variant_id\":\"22\",\"test_id\":\"8\",\"percentage\":\"50\"},{\"id\":\"137\",\"api_id\":\"1\",\"request_webapp_id\":\"28\",\"device_id\":\"4\",\"variant_id\":\"23\",\"test_id\":\"8\",\"percentage\":\"30\"},{\"id\":\"138\",\"api_id\":\"1\",\"request_webapp_id\":\"28\",\"device_id\":\"4\",\"variant_id\":\"24\",\"test_id\":\"8\",\"percentage\":\"20\"}],\"Tablet_Android\":[{\"id\":\"139\",\"api_id\":\"1\",\"request_webapp_id\":\"28\",\"device_id\":\"5\",\"variant_id\":\"22\",\"test_id\":\"8\",\"percentage\":\"50\"},{\"id\":\"140\",\"api_id\":\"1\",\"request_webapp_id\":\"28\",\"device_id\":\"5\",\"variant_id\":\"23\",\"test_id\":\"8\",\"percentage\":\"30\"},{\"id\":\"141\",\"api_id\":\"1\",\"request_webapp_id\":\"28\",\"device_id\":\"5\",\"variant_id\":\"24\",\"test_id\":\"8\",\"percentage\":\"20\"}],\"Other\":[{\"id\":\"142\",\"api_id\":\"1\",\"request_webapp_id\":\"28\",\"device_id\":\"6\",\"variant_id\":\"22\",\"test_id\":\"8\",\"percentage\":\"50\"},{\"id\":\"143\",\"api_id\":\"1\",\"request_webapp_id\":\"28\",\"device_id\":\"6\",\"variant_id\":\"23\",\"test_id\":\"8\",\"percentage\":\"30\"',2,NULL,NULL,200),(33,'2018-04-21 06:11:14',152431627496291500,'{\"TestType\":\"ABTest\",\"Channel\":\"facebook\",\"BinType\":\"anonymous\",\"description\":\"some bogus description\",\"Creator\":\"joe\",\"name\":\"T9\",\"id\":\"\",\"Variants\":[{\"name\":\"Control\",\"percentage\":\"50\",\"url\":\"www.google.com\"},{\"name\":\"Variant_A\",\"percentage\":\"30\",\"url\":\"www.yahoo.com\"},{\"id\":\"300\",\"name\":\"Variant_B\",\"percentage\":\"20\",\"url\":\"www.cnn.com\"}]}',1,'Test [T9] with ID [9] inserted',NULL,200),(34,'2018-04-21 06:11:14',152431627499092400,'{\"id\":\"9\",\"name\":\"T9\",\"api_id\":\"1\",\"request_webapp_id\":\"33\",\"test_type_id\":\"1\",\"bin_type_id\":\"5\",\"pred_id\":null,\"channel_id\":\"5\",\"description\":\"some bogus description\",\"is_dev_specific\":\"0\",\"has_filters\":\"0\",\"seed\":\"4959512626904007801\",\"external_id\":\"152431627496291500\",\"created_at\":\"2018-04-21 06:11:14\",\"t_create\":\"152431627496291500\",\"updated_at\":\"2018-04-21 06:11:14\",\"t_update\":\"152431627496291500\",\"creator_id\":\"1\",\"updater_id\":\"1\",\"state_id\":\"1\",\"Creator\":\"joe\",\"TestType\":\"ABTest\",\"BinType\":\"c_to_v_ok_v_to_c_ok_v_to_v_not_ok\",\"State\":\"draft\",\"Channel\":\"facebook\",\"Variants\":[{\"id\":\"25\",\"name\":\"Control\",\"api_id\":\"1\",\"request_webapp_id\":\"33\",\"description\":null,\"test_id\":\"9\",\"percentage\":\"50\",\"is_final\":\"0\",\"url\":\"www.google.com\",\"custom_data\":null,\"is_del\":\"0\",\"pred_id\":null,\"created_at\":\"0000-00-00 00:00:00\",\"t_create\":\"0\",\"updated_at\":\"2018-04-21 06:11:14\",\"t_update\":\"152431627496291500\"},{\"id\":\"26\",\"name\":\"Variant_A\",\"api_id\":\"1\",\"request_webapp_id\":\"33\",\"description\":null,\"test_id\":\"9\",\"percentage\":\"30\",\"is_final\":\"0\",\"url\":\"www.yahoo.com\",\"custom_data\":null,\"is_del\":\"0\",\"pred_id\":null,\"created_at\":\"0000-00-00 00:00:00\",\"t_create\":\"0\",\"updated_at\":\"2018-04-21 06:11:14\",\"t_update\":\"152431627496291500\"},{\"id\":\"27\",\"name\":\"Variant_B\",\"api_id\":\"1\",\"request_webapp_id\":\"33\",\"description\":null,\"test_id\":\"9\",\"percentage\":\"20\",\"is_final\":\"0\",\"url\":\"www.cnn.com\",\"custom_data\":null,\"is_del\":\"0\",\"pred_id\":null,\"created_at\":\"0000-00-00 00:00:00\",\"t_create\":\"0\",\"updated_at\":\"2018-04-21 06:11:14\",\"t_update\":\"152431627496291500\"}],\"CatAttrValTest\":[{\"id\":\"25\",\"api_id\":\"1\",\"request_webapp_id\":\"33\",\"test_id\":\"9\",\"attr_id\":\"1\",\"cat_attr_val_id\":\"1\",\"is_on\":\"0\"},{\"id\":\"26\",\"api_id\":\"1\",\"request_webapp_id\":\"33\",\"test_id\":\"9\",\"attr_id\":\"1\",\"cat_attr_val_id\":\"2\",\"is_on\":\"0\"},{\"id\":\"27\",\"api_id\":\"1\",\"request_webapp_id\":\"33\",\"test_id\":\"9\",\"attr_id\":\"1\",\"cat_attr_val_id\":\"3\",\"is_on\":\"0\"}],\"BoolAttrTest\":[{\"id\":\"9\",\"api_id\":\"1\",\"request_webapp_id\":\"33\",\"attr_id\":\"2\",\"test_id\":\"9\",\"val\":\"0\",\"is_on\":\"0\"}],\"DeviceCrossVariant\":{\"Desktop\":[{\"id\":\"145\",\"api_id\":\"1\",\"request_webapp_id\":\"33\",\"device_id\":\"1\",\"variant_id\":\"25\",\"test_id\":\"9\",\"percentage\":\"50\"},{\"id\":\"146\",\"api_id\":\"1\",\"request_webapp_id\":\"33\",\"device_id\":\"1\",\"variant_id\":\"26\",\"test_id\":\"9\",\"percentage\":\"30\"},{\"id\":\"147\",\"api_id\":\"1\",\"request_webapp_id\":\"33\",\"device_id\":\"1\",\"variant_id\":\"27\",\"test_id\":\"9\",\"percentage\":\"20\"}],\"Mobile_iOS\":[{\"id\":\"148\",\"api_id\":\"1\",\"request_webapp_id\":\"33\",\"device_id\":\"2\",\"variant_id\":\"25\",\"test_id\":\"9\",\"percentage\":\"50\"},{\"id\":\"149\",\"api_id\":\"1\",\"request_webapp_id\":\"33\",\"device_id\":\"2\",\"variant_id\":\"26\",\"test_id\":\"9\",\"percentage\":\"30\"},{\"id\":\"150\",\"api_id\":\"1\",\"request_webapp_id\":\"33\",\"device_id\":\"2\",\"variant_id\":\"27\",\"test_id\":\"9\",\"percentage\":\"20\"}],\"Mobile_Android\":[{\"id\":\"151\",\"api_id\":\"1\",\"request_webapp_id\":\"33\",\"device_id\":\"3\",\"variant_id\":\"25\",\"test_id\":\"9\",\"percentage\":\"50\"},{\"id\":\"152\",\"api_id\":\"1\",\"request_webapp_id\":\"33\",\"device_id\":\"3\",\"variant_id\":\"26\",\"test_id\":\"9\",\"percentage\":\"30\"},{\"id\":\"153\",\"api_id\":\"1\",\"request_webapp_id\":\"33\",\"device_id\":\"3\",\"variant_id\":\"27\",\"test_id\":\"9\",\"percentage\":\"20\"}],\"Tablet_iOS\":[{\"id\":\"154\",\"api_id\":\"1\",\"request_webapp_id\":\"33\",\"device_id\":\"4\",\"variant_id\":\"25\",\"test_id\":\"9\",\"percentage\":\"50\"},{\"id\":\"155\",\"api_id\":\"1\",\"request_webapp_id\":\"33\",\"device_id\":\"4\",\"variant_id\":\"26\",\"test_id\":\"9\",\"percentage\":\"30\"},{\"id\":\"156\",\"api_id\":\"1\",\"request_webapp_id\":\"33\",\"device_id\":\"4\",\"variant_id\":\"27\",\"test_id\":\"9\",\"percentage\":\"20\"}],\"Tablet_Android\":[{\"id\":\"157\",\"api_id\":\"1\",\"request_webapp_id\":\"33\",\"device_id\":\"5\",\"variant_id\":\"25\",\"test_id\":\"9\",\"percentage\":\"50\"},{\"id\":\"158\",\"api_id\":\"1\",\"request_webapp_id\":\"33\",\"device_id\":\"5\",\"variant_id\":\"26\",\"test_id\":\"9\",\"percentage\":\"30\"},{\"id\":\"159\",\"api_id\":\"1\",\"request_webapp_id\":\"33\",\"device_id\":\"5\",\"variant_id\":\"27\",\"test_id\":\"9\",\"percentage\":\"20\"}],\"Other\":[{\"id\":\"160\",\"api_id\":\"1\",\"request_webapp_id\":\"33\",\"device_id\":\"6\",\"variant_id\":\"25\",\"test_id\":\"9\",\"percentage\":\"50\"},{\"id\":\"161\",\"api_id\":\"1\",\"request_webapp_id\":\"33\",\"device_id\":\"6\",\"variant_id\":\"26\",\"test_id\":\"',2,NULL,NULL,200),(35,'2018-04-21 06:11:14',152431627500267400,'{\"id\":\"9\",\"name\":\"T9\",\"api_id\":\"2\",\"request_webapp_id\":\"34\",\"test_type_id\":\"1\",\"bin_type_id\":\"5\",\"pred_id\":null,\"channel_id\":\"5\",\"description\":\"some bogus description\",\"is_dev_specific\":\"0\",\"has_filters\":\"0\",\"seed\":\"4959512626904007801\",\"external_id\":\"152431627496291500\",\"created_at\":\"2018-04-21 06:11:14\",\"t_create\":\"152431627496291500\",\"updated_at\":\"2018-04-21 06:11:14\",\"t_update\":\"152431627496291500\",\"creator_id\":\"1\",\"updater_id\":\"1\",\"state_id\":\"2\",\"Creator\":\"joe\",\"TestType\":\"ABTest\",\"BinType\":\"c_to_v_ok_v_to_c_ok_v_to_v_not_ok\",\"State\":\"dormant\",\"Channel\":\"facebook\",\"Variants\":[{\"id\":\"25\",\"name\":\"Control\",\"api_id\":\"1\",\"request_webapp_id\":\"33\",\"description\":null,\"test_id\":\"9\",\"percentage\":\"50\",\"is_final\":\"0\",\"url\":\"www.google.com\",\"custom_data\":null,\"is_del\":\"0\",\"pred_id\":null,\"created_at\":\"0000-00-00 00:00:00\",\"t_create\":\"0\",\"updated_at\":\"2018-04-21 06:11:14\",\"t_update\":\"152431627496291500\"},{\"id\":\"26\",\"name\":\"Variant_A\",\"api_id\":\"1\",\"request_webapp_id\":\"33\",\"description\":null,\"test_id\":\"9\",\"percentage\":\"30\",\"is_final\":\"0\",\"url\":\"www.yahoo.com\",\"custom_data\":null,\"is_del\":\"0\",\"pred_id\":null,\"created_at\":\"0000-00-00 00:00:00\",\"t_create\":\"0\",\"updated_at\":\"2018-04-21 06:11:14\",\"t_update\":\"152431627496291500\"},{\"id\":\"27\",\"name\":\"Variant_B\",\"api_id\":\"1\",\"request_webapp_id\":\"33\",\"description\":null,\"test_id\":\"9\",\"percentage\":\"20\",\"is_final\":\"0\",\"url\":\"www.cnn.com\",\"custom_data\":null,\"is_del\":\"0\",\"pred_id\":null,\"created_at\":\"0000-00-00 00:00:00\",\"t_create\":\"0\",\"updated_at\":\"2018-04-21 06:11:14\",\"t_update\":\"152431627496291500\"}],\"CatAttrValTest\":[{\"id\":\"25\",\"api_id\":\"1\",\"request_webapp_id\":\"33\",\"test_id\":\"9\",\"attr_id\":\"1\",\"cat_attr_val_id\":\"1\",\"is_on\":\"0\"},{\"id\":\"26\",\"api_id\":\"1\",\"request_webapp_id\":\"33\",\"test_id\":\"9\",\"attr_id\":\"1\",\"cat_attr_val_id\":\"2\",\"is_on\":\"0\"},{\"id\":\"27\",\"api_id\":\"1\",\"request_webapp_id\":\"33\",\"test_id\":\"9\",\"attr_id\":\"1\",\"cat_attr_val_id\":\"3\",\"is_on\":\"0\"}],\"BoolAttrTest\":[{\"id\":\"9\",\"api_id\":\"1\",\"request_webapp_id\":\"33\",\"attr_id\":\"2\",\"test_id\":\"9\",\"val\":\"0\",\"is_on\":\"0\"}],\"DeviceCrossVariant\":{\"Desktop\":[{\"id\":\"145\",\"api_id\":\"1\",\"request_webapp_id\":\"33\",\"device_id\":\"1\",\"variant_id\":\"25\",\"test_id\":\"9\",\"percentage\":\"50\"},{\"id\":\"146\",\"api_id\":\"1\",\"request_webapp_id\":\"33\",\"device_id\":\"1\",\"variant_id\":\"26\",\"test_id\":\"9\",\"percentage\":\"30\"},{\"id\":\"147\",\"api_id\":\"1\",\"request_webapp_id\":\"33\",\"device_id\":\"1\",\"variant_id\":\"27\",\"test_id\":\"9\",\"percentage\":\"20\"}],\"Mobile_iOS\":[{\"id\":\"148\",\"api_id\":\"1\",\"request_webapp_id\":\"33\",\"device_id\":\"2\",\"variant_id\":\"25\",\"test_id\":\"9\",\"percentage\":\"50\"},{\"id\":\"149\",\"api_id\":\"1\",\"request_webapp_id\":\"33\",\"device_id\":\"2\",\"variant_id\":\"26\",\"test_id\":\"9\",\"percentage\":\"30\"},{\"id\":\"150\",\"api_id\":\"1\",\"request_webapp_id\":\"33\",\"device_id\":\"2\",\"variant_id\":\"27\",\"test_id\":\"9\",\"percentage\":\"20\"}],\"Mobile_Android\":[{\"id\":\"151\",\"api_id\":\"1\",\"request_webapp_id\":\"33\",\"device_id\":\"3\",\"variant_id\":\"25\",\"test_id\":\"9\",\"percentage\":\"50\"},{\"id\":\"152\",\"api_id\":\"1\",\"request_webapp_id\":\"33\",\"device_id\":\"3\",\"variant_id\":\"26\",\"test_id\":\"9\",\"percentage\":\"30\"},{\"id\":\"153\",\"api_id\":\"1\",\"request_webapp_id\":\"33\",\"device_id\":\"3\",\"variant_id\":\"27\",\"test_id\":\"9\",\"percentage\":\"20\"}],\"Tablet_iOS\":[{\"id\":\"154\",\"api_id\":\"1\",\"request_webapp_id\":\"33\",\"device_id\":\"4\",\"variant_id\":\"25\",\"test_id\":\"9\",\"percentage\":\"50\"},{\"id\":\"155\",\"api_id\":\"1\",\"request_webapp_id\":\"33\",\"device_id\":\"4\",\"variant_id\":\"26\",\"test_id\":\"9\",\"percentage\":\"30\"},{\"id\":\"156\",\"api_id\":\"1\",\"request_webapp_id\":\"33\",\"device_id\":\"4\",\"variant_id\":\"27\",\"test_id\":\"9\",\"percentage\":\"20\"}],\"Tablet_Android\":[{\"id\":\"157\",\"api_id\":\"1\",\"request_webapp_id\":\"33\",\"device_id\":\"5\",\"variant_id\":\"25\",\"test_id\":\"9\",\"percentage\":\"50\"},{\"id\":\"158\",\"api_id\":\"1\",\"request_webapp_id\":\"33\",\"device_id\":\"5\",\"variant_id\":\"26\",\"test_id\":\"9\",\"percentage\":\"30\"},{\"id\":\"159\",\"api_id\":\"1\",\"request_webapp_id\":\"33\",\"device_id\":\"5\",\"variant_id\":\"27\",\"test_id\":\"9\",\"percentage\":\"20\"}],\"Other\":[{\"id\":\"160\",\"api_id\":\"1\",\"request_webapp_id\":\"33\",\"device_id\":\"6\",\"variant_id\":\"25\",\"test_id\":\"9\",\"percentage\":\"50\"},{\"id\":\"161\",\"api_id\":\"1\",\"request_webapp_id\":\"33\",\"device_id\":\"6\",\"variant_id\":\"26\",\"test_id\"',2,NULL,NULL,200),(36,'2018-04-21 06:11:15',152431627501150500,'{\"TestType\":\"XYTest\",\"Channel\":\"facebook\",\"BinType\":\"anonymous\",\"description\":\"some bogus description\",\"Creator\":\"joe\",\"name\":\"T10\",\"id\":\"\",\"Variants\":[{\"name\":\"Control\",\"percentage\":\"50\",\"url\":\"www.google.com\"},{\"name\":\"Variant_A\",\"percentage\":\"30\",\"url\":\"www.yahoo.com\"},{\"id\":\"300\",\"name\":\"Variant_B\",\"percentage\":\"20\",\"url\":\"www.cnn.com\"}]}',1,'Test [T10] with ID [10] inserted',NULL,200),(37,'2018-04-21 06:11:15',152431627506062300,'{\"id\":\"10\",\"name\":\"T10\",\"api_id\":\"1\",\"request_webapp_id\":\"36\",\"test_type_id\":\"2\",\"bin_type_id\":\"1\",\"pred_id\":null,\"channel_id\":\"5\",\"description\":\"some bogus description\",\"is_dev_specific\":\"0\",\"has_filters\":\"0\",\"seed\":\"2069273278122962444\",\"external_id\":\"152431627501150500\",\"created_at\":\"2018-04-21 06:11:15\",\"t_create\":\"152431627501150500\",\"updated_at\":\"2018-04-21 06:11:15\",\"t_update\":\"152431627501150500\",\"creator_id\":\"1\",\"updater_id\":\"1\",\"state_id\":\"1\",\"Creator\":\"joe\",\"TestType\":\"XYTest\",\"BinType\":\"anonymous\",\"State\":\"draft\",\"Channel\":\"facebook\",\"Variants\":[{\"id\":\"28\",\"name\":\"Control\",\"api_id\":\"1\",\"request_webapp_id\":\"36\",\"description\":null,\"test_id\":\"10\",\"percentage\":\"50\",\"is_final\":\"0\",\"url\":\"www.google.com\",\"custom_data\":null,\"is_del\":\"0\",\"pred_id\":null,\"created_at\":\"0000-00-00 00:00:00\",\"t_create\":\"0\",\"updated_at\":\"2018-04-21 06:11:15\",\"t_update\":\"152431627501150500\"},{\"id\":\"29\",\"name\":\"Variant_A\",\"api_id\":\"1\",\"request_webapp_id\":\"36\",\"description\":null,\"test_id\":\"10\",\"percentage\":\"30\",\"is_final\":\"0\",\"url\":\"www.yahoo.com\",\"custom_data\":null,\"is_del\":\"0\",\"pred_id\":null,\"created_at\":\"0000-00-00 00:00:00\",\"t_create\":\"0\",\"updated_at\":\"2018-04-21 06:11:15\",\"t_update\":\"152431627501150500\"},{\"id\":\"30\",\"name\":\"Variant_B\",\"api_id\":\"1\",\"request_webapp_id\":\"36\",\"description\":null,\"test_id\":\"10\",\"percentage\":\"20\",\"is_final\":\"0\",\"url\":\"www.cnn.com\",\"custom_data\":null,\"is_del\":\"0\",\"pred_id\":null,\"created_at\":\"0000-00-00 00:00:00\",\"t_create\":\"0\",\"updated_at\":\"2018-04-21 06:11:15\",\"t_update\":\"152431627501150500\"}],\"CatAttrValTest\":[{\"id\":\"28\",\"api_id\":\"1\",\"request_webapp_id\":\"36\",\"test_id\":\"10\",\"attr_id\":\"1\",\"cat_attr_val_id\":\"1\",\"is_on\":\"0\"},{\"id\":\"29\",\"api_id\":\"1\",\"request_webapp_id\":\"36\",\"test_id\":\"10\",\"attr_id\":\"1\",\"cat_attr_val_id\":\"2\",\"is_on\":\"0\"},{\"id\":\"30\",\"api_id\":\"1\",\"request_webapp_id\":\"36\",\"test_id\":\"10\",\"attr_id\":\"1\",\"cat_attr_val_id\":\"3\",\"is_on\":\"0\"}],\"BoolAttrTest\":[{\"id\":\"10\",\"api_id\":\"1\",\"request_webapp_id\":\"36\",\"attr_id\":\"2\",\"test_id\":\"10\",\"val\":\"0\",\"is_on\":\"0\"}],\"DeviceCrossVariant\":{\"Desktop\":[{\"id\":\"163\",\"api_id\":\"1\",\"request_webapp_id\":\"36\",\"device_id\":\"1\",\"variant_id\":\"28\",\"test_id\":\"10\",\"percentage\":\"50\"},{\"id\":\"164\",\"api_id\":\"1\",\"request_webapp_id\":\"36\",\"device_id\":\"1\",\"variant_id\":\"29\",\"test_id\":\"10\",\"percentage\":\"30\"},{\"id\":\"165\",\"api_id\":\"1\",\"request_webapp_id\":\"36\",\"device_id\":\"1\",\"variant_id\":\"30\",\"test_id\":\"10\",\"percentage\":\"20\"}],\"Mobile_iOS\":[{\"id\":\"166\",\"api_id\":\"1\",\"request_webapp_id\":\"36\",\"device_id\":\"2\",\"variant_id\":\"28\",\"test_id\":\"10\",\"percentage\":\"50\"},{\"id\":\"167\",\"api_id\":\"1\",\"request_webapp_id\":\"36\",\"device_id\":\"2\",\"variant_id\":\"29\",\"test_id\":\"10\",\"percentage\":\"30\"},{\"id\":\"168\",\"api_id\":\"1\",\"request_webapp_id\":\"36\",\"device_id\":\"2\",\"variant_id\":\"30\",\"test_id\":\"10\",\"percentage\":\"20\"}],\"Mobile_Android\":[{\"id\":\"169\",\"api_id\":\"1\",\"request_webapp_id\":\"36\",\"device_id\":\"3\",\"variant_id\":\"28\",\"test_id\":\"10\",\"percentage\":\"50\"},{\"id\":\"170\",\"api_id\":\"1\",\"request_webapp_id\":\"36\",\"device_id\":\"3\",\"variant_id\":\"29\",\"test_id\":\"10\",\"percentage\":\"30\"},{\"id\":\"171\",\"api_id\":\"1\",\"request_webapp_id\":\"36\",\"device_id\":\"3\",\"variant_id\":\"30\",\"test_id\":\"10\",\"percentage\":\"20\"}],\"Tablet_iOS\":[{\"id\":\"172\",\"api_id\":\"1\",\"request_webapp_id\":\"36\",\"device_id\":\"4\",\"variant_id\":\"28\",\"test_id\":\"10\",\"percentage\":\"50\"},{\"id\":\"173\",\"api_id\":\"1\",\"request_webapp_id\":\"36\",\"device_id\":\"4\",\"variant_id\":\"29\",\"test_id\":\"10\",\"percentage\":\"30\"},{\"id\":\"174\",\"api_id\":\"1\",\"request_webapp_id\":\"36\",\"device_id\":\"4\",\"variant_id\":\"30\",\"test_id\":\"10\",\"percentage\":\"20\"}],\"Tablet_Android\":[{\"id\":\"175\",\"api_id\":\"1\",\"request_webapp_id\":\"36\",\"device_id\":\"5\",\"variant_id\":\"28\",\"test_id\":\"10\",\"percentage\":\"50\"},{\"id\":\"176\",\"api_id\":\"1\",\"request_webapp_id\":\"36\",\"device_id\":\"5\",\"variant_id\":\"29\",\"test_id\":\"10\",\"percentage\":\"30\"},{\"id\":\"177\",\"api_id\":\"1\",\"request_webapp_id\":\"36\",\"device_id\":\"5\",\"variant_id\":\"30\",\"test_id\":\"10\",\"percentage\":\"20\"}],\"Other\":[{\"id\":\"178\",\"api_id\":\"1\",\"request_webapp_id\":\"36\",\"device_id\":\"6\",\"variant_id\":\"28\",\"test_id\":\"10\",\"percentage\":\"50\"},{\"id\":\"179\",\"api_id\":\"1\",\"request_webapp_id\":\"36\",\"device_id\":\"6\",\"variant_id\":\"29\",\"test_id\"',2,NULL,NULL,200),(38,'2018-04-21 06:11:15',152431627507385300,'{\"id\":\"10\",\"name\":\"T10\",\"api_id\":\"2\",\"request_webapp_id\":\"37\",\"test_type_id\":\"2\",\"bin_type_id\":\"1\",\"pred_id\":null,\"channel_id\":\"5\",\"description\":\"some bogus description\",\"is_dev_specific\":\"0\",\"has_filters\":\"0\",\"seed\":\"2069273278122962444\",\"external_id\":\"152431627501150500\",\"created_at\":\"2018-04-21 06:11:15\",\"t_create\":\"152431627501150500\",\"updated_at\":\"2018-04-21 06:11:15\",\"t_update\":\"152431627501150500\",\"creator_id\":\"1\",\"updater_id\":\"1\",\"state_id\":\"2\",\"Creator\":\"joe\",\"TestType\":\"XYTest\",\"BinType\":\"anonymous\",\"State\":\"dormant\",\"Channel\":\"facebook\",\"Variants\":[{\"id\":\"28\",\"name\":\"Control\",\"api_id\":\"1\",\"request_webapp_id\":\"36\",\"description\":null,\"test_id\":\"10\",\"percentage\":\"50\",\"is_final\":\"0\",\"url\":\"www.google.com\",\"custom_data\":null,\"is_del\":\"0\",\"pred_id\":null,\"created_at\":\"0000-00-00 00:00:00\",\"t_create\":\"0\",\"updated_at\":\"2018-04-21 06:11:15\",\"t_update\":\"152431627501150500\"},{\"id\":\"29\",\"name\":\"Variant_A\",\"api_id\":\"1\",\"request_webapp_id\":\"36\",\"description\":null,\"test_id\":\"10\",\"percentage\":\"30\",\"is_final\":\"0\",\"url\":\"www.yahoo.com\",\"custom_data\":null,\"is_del\":\"0\",\"pred_id\":null,\"created_at\":\"0000-00-00 00:00:00\",\"t_create\":\"0\",\"updated_at\":\"2018-04-21 06:11:15\",\"t_update\":\"152431627501150500\"},{\"id\":\"30\",\"name\":\"Variant_B\",\"api_id\":\"1\",\"request_webapp_id\":\"36\",\"description\":null,\"test_id\":\"10\",\"percentage\":\"20\",\"is_final\":\"0\",\"url\":\"www.cnn.com\",\"custom_data\":null,\"is_del\":\"0\",\"pred_id\":null,\"created_at\":\"0000-00-00 00:00:00\",\"t_create\":\"0\",\"updated_at\":\"2018-04-21 06:11:15\",\"t_update\":\"152431627501150500\"}],\"CatAttrValTest\":[{\"id\":\"28\",\"api_id\":\"1\",\"request_webapp_id\":\"36\",\"test_id\":\"10\",\"attr_id\":\"1\",\"cat_attr_val_id\":\"1\",\"is_on\":\"0\"},{\"id\":\"29\",\"api_id\":\"1\",\"request_webapp_id\":\"36\",\"test_id\":\"10\",\"attr_id\":\"1\",\"cat_attr_val_id\":\"2\",\"is_on\":\"0\"},{\"id\":\"30\",\"api_id\":\"1\",\"request_webapp_id\":\"36\",\"test_id\":\"10\",\"attr_id\":\"1\",\"cat_attr_val_id\":\"3\",\"is_on\":\"0\"}],\"BoolAttrTest\":[{\"id\":\"10\",\"api_id\":\"1\",\"request_webapp_id\":\"36\",\"attr_id\":\"2\",\"test_id\":\"10\",\"val\":\"0\",\"is_on\":\"0\"}],\"DeviceCrossVariant\":{\"Desktop\":[{\"id\":\"163\",\"api_id\":\"1\",\"request_webapp_id\":\"36\",\"device_id\":\"1\",\"variant_id\":\"28\",\"test_id\":\"10\",\"percentage\":\"50\"},{\"id\":\"164\",\"api_id\":\"1\",\"request_webapp_id\":\"36\",\"device_id\":\"1\",\"variant_id\":\"29\",\"test_id\":\"10\",\"percentage\":\"30\"},{\"id\":\"165\",\"api_id\":\"1\",\"request_webapp_id\":\"36\",\"device_id\":\"1\",\"variant_id\":\"30\",\"test_id\":\"10\",\"percentage\":\"20\"}],\"Mobile_iOS\":[{\"id\":\"166\",\"api_id\":\"1\",\"request_webapp_id\":\"36\",\"device_id\":\"2\",\"variant_id\":\"28\",\"test_id\":\"10\",\"percentage\":\"50\"},{\"id\":\"167\",\"api_id\":\"1\",\"request_webapp_id\":\"36\",\"device_id\":\"2\",\"variant_id\":\"29\",\"test_id\":\"10\",\"percentage\":\"30\"},{\"id\":\"168\",\"api_id\":\"1\",\"request_webapp_id\":\"36\",\"device_id\":\"2\",\"variant_id\":\"30\",\"test_id\":\"10\",\"percentage\":\"20\"}],\"Mobile_Android\":[{\"id\":\"169\",\"api_id\":\"1\",\"request_webapp_id\":\"36\",\"device_id\":\"3\",\"variant_id\":\"28\",\"test_id\":\"10\",\"percentage\":\"50\"},{\"id\":\"170\",\"api_id\":\"1\",\"request_webapp_id\":\"36\",\"device_id\":\"3\",\"variant_id\":\"29\",\"test_id\":\"10\",\"percentage\":\"30\"},{\"id\":\"171\",\"api_id\":\"1\",\"request_webapp_id\":\"36\",\"device_id\":\"3\",\"variant_id\":\"30\",\"test_id\":\"10\",\"percentage\":\"20\"}],\"Tablet_iOS\":[{\"id\":\"172\",\"api_id\":\"1\",\"request_webapp_id\":\"36\",\"device_id\":\"4\",\"variant_id\":\"28\",\"test_id\":\"10\",\"percentage\":\"50\"},{\"id\":\"173\",\"api_id\":\"1\",\"request_webapp_id\":\"36\",\"device_id\":\"4\",\"variant_id\":\"29\",\"test_id\":\"10\",\"percentage\":\"30\"},{\"id\":\"174\",\"api_id\":\"1\",\"request_webapp_id\":\"36\",\"device_id\":\"4\",\"variant_id\":\"30\",\"test_id\":\"10\",\"percentage\":\"20\"}],\"Tablet_Android\":[{\"id\":\"175\",\"api_id\":\"1\",\"request_webapp_id\":\"36\",\"device_id\":\"5\",\"variant_id\":\"28\",\"test_id\":\"10\",\"percentage\":\"50\"},{\"id\":\"176\",\"api_id\":\"1\",\"request_webapp_id\":\"36\",\"device_id\":\"5\",\"variant_id\":\"29\",\"test_id\":\"10\",\"percentage\":\"30\"},{\"id\":\"177\",\"api_id\":\"1\",\"request_webapp_id\":\"36\",\"device_id\":\"5\",\"variant_id\":\"30\",\"test_id\":\"10\",\"percentage\":\"20\"}],\"Other\":[{\"id\":\"178\",\"api_id\":\"1\",\"request_webapp_id\":\"36\",\"device_id\":\"6\",\"variant_id\":\"28\",\"test_id\":\"10\",\"percentage\":\"50\"},{\"id\":\"179\",\"api_id\":\"1\",\"request_webapp_id\":\"36\",\"device_id\":\"6\",\"variant_id\":\"29\",\"test_i',2,NULL,NULL,200),(39,'2018-04-21 06:11:15',152431627508650200,'{\"id\":\"10\",\"name\":\"T10\",\"api_id\":\"2\",\"request_webapp_id\":\"38\",\"test_type_id\":\"2\",\"bin_type_id\":\"1\",\"pred_id\":null,\"channel_id\":\"5\",\"description\":\"some bogus description\",\"is_dev_specific\":\"0\",\"has_filters\":\"0\",\"seed\":\"2069273278122962444\",\"external_id\":\"152431627501150500\",\"created_at\":\"2018-04-21 06:11:15\",\"t_create\":\"152431627501150500\",\"updated_at\":\"2018-04-21 06:11:15\",\"t_update\":\"152431627501150500\",\"creator_id\":\"1\",\"updater_id\":\"1\",\"state_id\":\"3\",\"Creator\":\"joe\",\"TestType\":\"XYTest\",\"BinType\":\"anonymous\",\"State\":\"started\",\"Channel\":\"facebook\",\"Variants\":[{\"id\":\"28\",\"name\":\"Control\",\"api_id\":\"1\",\"request_webapp_id\":\"36\",\"description\":null,\"test_id\":\"10\",\"percentage\":\"50\",\"is_final\":\"0\",\"url\":\"www.google.com\",\"custom_data\":null,\"is_del\":\"0\",\"pred_id\":null,\"created_at\":\"0000-00-00 00:00:00\",\"t_create\":\"0\",\"updated_at\":\"2018-04-21 06:11:15\",\"t_update\":\"152431627501150500\"},{\"id\":\"29\",\"name\":\"Variant_A\",\"api_id\":\"1\",\"request_webapp_id\":\"36\",\"description\":null,\"test_id\":\"10\",\"percentage\":\"30\",\"is_final\":\"0\",\"url\":\"www.yahoo.com\",\"custom_data\":null,\"is_del\":\"0\",\"pred_id\":null,\"created_at\":\"0000-00-00 00:00:00\",\"t_create\":\"0\",\"updated_at\":\"2018-04-21 06:11:15\",\"t_update\":\"152431627501150500\"},{\"id\":\"30\",\"name\":\"Variant_B\",\"api_id\":\"1\",\"request_webapp_id\":\"36\",\"description\":null,\"test_id\":\"10\",\"percentage\":\"20\",\"is_final\":\"0\",\"url\":\"www.cnn.com\",\"custom_data\":null,\"is_del\":\"0\",\"pred_id\":null,\"created_at\":\"0000-00-00 00:00:00\",\"t_create\":\"0\",\"updated_at\":\"2018-04-21 06:11:15\",\"t_update\":\"152431627501150500\"}],\"CatAttrValTest\":[{\"id\":\"28\",\"api_id\":\"1\",\"request_webapp_id\":\"36\",\"test_id\":\"10\",\"attr_id\":\"1\",\"cat_attr_val_id\":\"1\",\"is_on\":\"0\"},{\"id\":\"29\",\"api_id\":\"1\",\"request_webapp_id\":\"36\",\"test_id\":\"10\",\"attr_id\":\"1\",\"cat_attr_val_id\":\"2\",\"is_on\":\"0\"},{\"id\":\"30\",\"api_id\":\"1\",\"request_webapp_id\":\"36\",\"test_id\":\"10\",\"attr_id\":\"1\",\"cat_attr_val_id\":\"3\",\"is_on\":\"0\"}],\"BoolAttrTest\":[{\"id\":\"10\",\"api_id\":\"1\",\"request_webapp_id\":\"36\",\"attr_id\":\"2\",\"test_id\":\"10\",\"val\":\"0\",\"is_on\":\"0\"}],\"DeviceCrossVariant\":{\"Desktop\":[{\"id\":\"163\",\"api_id\":\"1\",\"request_webapp_id\":\"36\",\"device_id\":\"1\",\"variant_id\":\"28\",\"test_id\":\"10\",\"percentage\":\"50\"},{\"id\":\"164\",\"api_id\":\"1\",\"request_webapp_id\":\"36\",\"device_id\":\"1\",\"variant_id\":\"29\",\"test_id\":\"10\",\"percentage\":\"30\"},{\"id\":\"165\",\"api_id\":\"1\",\"request_webapp_id\":\"36\",\"device_id\":\"1\",\"variant_id\":\"30\",\"test_id\":\"10\",\"percentage\":\"20\"}],\"Mobile_iOS\":[{\"id\":\"166\",\"api_id\":\"1\",\"request_webapp_id\":\"36\",\"device_id\":\"2\",\"variant_id\":\"28\",\"test_id\":\"10\",\"percentage\":\"50\"},{\"id\":\"167\",\"api_id\":\"1\",\"request_webapp_id\":\"36\",\"device_id\":\"2\",\"variant_id\":\"29\",\"test_id\":\"10\",\"percentage\":\"30\"},{\"id\":\"168\",\"api_id\":\"1\",\"request_webapp_id\":\"36\",\"device_id\":\"2\",\"variant_id\":\"30\",\"test_id\":\"10\",\"percentage\":\"20\"}],\"Mobile_Android\":[{\"id\":\"169\",\"api_id\":\"1\",\"request_webapp_id\":\"36\",\"device_id\":\"3\",\"variant_id\":\"28\",\"test_id\":\"10\",\"percentage\":\"50\"},{\"id\":\"170\",\"api_id\":\"1\",\"request_webapp_id\":\"36\",\"device_id\":\"3\",\"variant_id\":\"29\",\"test_id\":\"10\",\"percentage\":\"30\"},{\"id\":\"171\",\"api_id\":\"1\",\"request_webapp_id\":\"36\",\"device_id\":\"3\",\"variant_id\":\"30\",\"test_id\":\"10\",\"percentage\":\"20\"}],\"Tablet_iOS\":[{\"id\":\"172\",\"api_id\":\"1\",\"request_webapp_id\":\"36\",\"device_id\":\"4\",\"variant_id\":\"28\",\"test_id\":\"10\",\"percentage\":\"50\"},{\"id\":\"173\",\"api_id\":\"1\",\"request_webapp_id\":\"36\",\"device_id\":\"4\",\"variant_id\":\"29\",\"test_id\":\"10\",\"percentage\":\"30\"},{\"id\":\"174\",\"api_id\":\"1\",\"request_webapp_id\":\"36\",\"device_id\":\"4\",\"variant_id\":\"30\",\"test_id\":\"10\",\"percentage\":\"20\"}],\"Tablet_Android\":[{\"id\":\"175\",\"api_id\":\"1\",\"request_webapp_id\":\"36\",\"device_id\":\"5\",\"variant_id\":\"28\",\"test_id\":\"10\",\"percentage\":\"50\"},{\"id\":\"176\",\"api_id\":\"1\",\"request_webapp_id\":\"36\",\"device_id\":\"5\",\"variant_id\":\"29\",\"test_id\":\"10\",\"percentage\":\"30\"},{\"id\":\"177\",\"api_id\":\"1\",\"request_webapp_id\":\"36\",\"device_id\":\"5\",\"variant_id\":\"30\",\"test_id\":\"10\",\"percentage\":\"20\"}],\"Other\":[{\"id\":\"178\",\"api_id\":\"1\",\"request_webapp_id\":\"36\",\"device_id\":\"6\",\"variant_id\":\"28\",\"test_id\":\"10\",\"percentage\":\"50\"},{\"id\":\"179\",\"api_id\":\"1\",\"request_webapp_id\":\"36\",\"device_id\":\"6\",\"variant_id\":\"29\",\"test_i',2,NULL,NULL,200),(40,'2018-04-21 06:11:15',152431627511105000,'{\"id\":\"10\",\"name\":\"T10\",\"api_id\":\"2\",\"request_webapp_id\":\"39\",\"test_type_id\":\"2\",\"bin_type_id\":\"1\",\"pred_id\":null,\"channel_id\":\"5\",\"description\":\"some bogus description\",\"is_dev_specific\":\"0\",\"has_filters\":\"0\",\"seed\":\"2069273278122962444\",\"external_id\":\"152431627501150500\",\"created_at\":\"2018-04-21 06:11:15\",\"t_create\":\"152431627501150500\",\"updated_at\":\"2018-04-21 06:11:15\",\"t_update\":\"152431627501150500\",\"creator_id\":\"1\",\"updater_id\":\"1\",\"state_id\":\"4\",\"Creator\":\"joe\",\"TestType\":\"XYTest\",\"BinType\":\"anonymous\",\"State\":\"terminated\",\"Channel\":\"facebook\",\"Variants\":[{\"id\":\"28\",\"name\":\"Control\",\"api_id\":\"2\",\"request_webapp_id\":\"39\",\"description\":null,\"test_id\":\"10\",\"percentage\":\"100\",\"is_final\":\"1\",\"url\":\"www.google.com\",\"custom_data\":null,\"is_del\":\"0\",\"pred_id\":null,\"created_at\":\"0000-00-00 00:00:00\",\"t_create\":\"0\",\"updated_at\":\"2018-04-21 06:11:15\",\"t_update\":\"152431627501150500\"},{\"id\":\"29\",\"name\":\"Variant_A\",\"api_id\":\"2\",\"request_webapp_id\":\"39\",\"description\":null,\"test_id\":\"10\",\"percentage\":\"0\",\"is_final\":\"0\",\"url\":\"www.yahoo.com\",\"custom_data\":null,\"is_del\":\"0\",\"pred_id\":null,\"created_at\":\"0000-00-00 00:00:00\",\"t_create\":\"0\",\"updated_at\":\"2018-04-21 06:11:15\",\"t_update\":\"152431627501150500\"},{\"id\":\"30\",\"name\":\"Variant_B\",\"api_id\":\"2\",\"request_webapp_id\":\"39\",\"description\":null,\"test_id\":\"10\",\"percentage\":\"0\",\"is_final\":\"0\",\"url\":\"www.cnn.com\",\"custom_data\":null,\"is_del\":\"0\",\"pred_id\":null,\"created_at\":\"0000-00-00 00:00:00\",\"t_create\":\"0\",\"updated_at\":\"2018-04-21 06:11:15\",\"t_update\":\"152431627501150500\"}],\"CatAttrValTest\":[{\"id\":\"28\",\"api_id\":\"1\",\"request_webapp_id\":\"36\",\"test_id\":\"10\",\"attr_id\":\"1\",\"cat_attr_val_id\":\"1\",\"is_on\":\"0\"},{\"id\":\"29\",\"api_id\":\"1\",\"request_webapp_id\":\"36\",\"test_id\":\"10\",\"attr_id\":\"1\",\"cat_attr_val_id\":\"2\",\"is_on\":\"0\"},{\"id\":\"30\",\"api_id\":\"1\",\"request_webapp_id\":\"36\",\"test_id\":\"10\",\"attr_id\":\"1\",\"cat_attr_val_id\":\"3\",\"is_on\":\"0\"}],\"BoolAttrTest\":[{\"id\":\"10\",\"api_id\":\"1\",\"request_webapp_id\":\"36\",\"attr_id\":\"2\",\"test_id\":\"10\",\"val\":\"0\",\"is_on\":\"0\"}],\"DeviceCrossVariant\":{\"Desktop\":[{\"id\":\"163\",\"api_id\":\"1\",\"request_webapp_id\":\"36\",\"device_id\":\"1\",\"variant_id\":\"28\",\"test_id\":\"10\",\"percentage\":\"50\"},{\"id\":\"164\",\"api_id\":\"1\",\"request_webapp_id\":\"36\",\"device_id\":\"1\",\"variant_id\":\"29\",\"test_id\":\"10\",\"percentage\":\"30\"},{\"id\":\"165\",\"api_id\":\"1\",\"request_webapp_id\":\"36\",\"device_id\":\"1\",\"variant_id\":\"30\",\"test_id\":\"10\",\"percentage\":\"20\"}],\"Mobile_iOS\":[{\"id\":\"166\",\"api_id\":\"1\",\"request_webapp_id\":\"36\",\"device_id\":\"2\",\"variant_id\":\"28\",\"test_id\":\"10\",\"percentage\":\"50\"},{\"id\":\"167\",\"api_id\":\"1\",\"request_webapp_id\":\"36\",\"device_id\":\"2\",\"variant_id\":\"29\",\"test_id\":\"10\",\"percentage\":\"30\"},{\"id\":\"168\",\"api_id\":\"1\",\"request_webapp_id\":\"36\",\"device_id\":\"2\",\"variant_id\":\"30\",\"test_id\":\"10\",\"percentage\":\"20\"}],\"Mobile_Android\":[{\"id\":\"169\",\"api_id\":\"1\",\"request_webapp_id\":\"36\",\"device_id\":\"3\",\"variant_id\":\"28\",\"test_id\":\"10\",\"percentage\":\"50\"},{\"id\":\"170\",\"api_id\":\"1\",\"request_webapp_id\":\"36\",\"device_id\":\"3\",\"variant_id\":\"29\",\"test_id\":\"10\",\"percentage\":\"30\"},{\"id\":\"171\",\"api_id\":\"1\",\"request_webapp_id\":\"36\",\"device_id\":\"3\",\"variant_id\":\"30\",\"test_id\":\"10\",\"percentage\":\"20\"}],\"Tablet_iOS\":[{\"id\":\"172\",\"api_id\":\"1\",\"request_webapp_id\":\"36\",\"device_id\":\"4\",\"variant_id\":\"28\",\"test_id\":\"10\",\"percentage\":\"50\"},{\"id\":\"173\",\"api_id\":\"1\",\"request_webapp_id\":\"36\",\"device_id\":\"4\",\"variant_id\":\"29\",\"test_id\":\"10\",\"percentage\":\"30\"},{\"id\":\"174\",\"api_id\":\"1\",\"request_webapp_id\":\"36\",\"device_id\":\"4\",\"variant_id\":\"30\",\"test_id\":\"10\",\"percentage\":\"20\"}],\"Tablet_Android\":[{\"id\":\"175\",\"api_id\":\"1\",\"request_webapp_id\":\"36\",\"device_id\":\"5\",\"variant_id\":\"28\",\"test_id\":\"10\",\"percentage\":\"50\"},{\"id\":\"176\",\"api_id\":\"1\",\"request_webapp_id\":\"36\",\"device_id\":\"5\",\"variant_id\":\"29\",\"test_id\":\"10\",\"percentage\":\"30\"},{\"id\":\"177\",\"api_id\":\"1\",\"request_webapp_id\":\"36\",\"device_id\":\"5\",\"variant_id\":\"30\",\"test_id\":\"10\",\"percentage\":\"20\"}],\"Other\":[{\"id\":\"178\",\"api_id\":\"1\",\"request_webapp_id\":\"36\",\"device_id\":\"6\",\"variant_id\":\"28\",\"test_id\":\"10\",\"percentage\":\"50\"},{\"id\":\"179\",\"api_id\":\"1\",\"request_webapp_id\":\"36\",\"device_id\":\"6\",\"variant_id\":\"29\",\"test',2,NULL,NULL,200);
/*!40000 ALTER TABLE `request_webapp` ENABLE KEYS */;
UNLOCK TABLES;

--
-- Table structure for table `state`
--

DROP TABLE IF EXISTS `state`;
/*!40101 SET @saved_cs_client     = @@character_set_client */;
/*!40101 SET character_set_client = utf8 */;
CREATE TABLE `state` (
  `id` int(8) NOT NULL AUTO_INCREMENT,
  `name` varchar(16) NOT NULL,
  `is_del` tinyint(1) NOT NULL DEFAULT '0',
  PRIMARY KEY (`id`),
  UNIQUE KEY `uq_name` (`name`)
) ENGINE=InnoDB AUTO_INCREMENT=6 DEFAULT CHARSET=utf8;
/*!40101 SET character_set_client = @saved_cs_client */;

--
-- Dumping data for table `state`
--

LOCK TABLES `state` WRITE;
/*!40000 ALTER TABLE `state` DISABLE KEYS */;
INSERT INTO `state` VALUES (1,'draft',0),(2,'dormant',0),(3,'started',0),(4,'terminated',0),(5,'archived',0);
/*!40000 ALTER TABLE `state` ENABLE KEYS */;
UNLOCK TABLES;

--
-- Table structure for table `test`
--

DROP TABLE IF EXISTS `test`;
/*!40101 SET @saved_cs_client     = @@character_set_client */;
/*!40101 SET character_set_client = utf8 */;
CREATE TABLE `test` (
  `id` int(8) NOT NULL AUTO_INCREMENT,
  `name` varchar(128) NOT NULL,
  `api_id` int(8) NOT NULL,
  `request_webapp_id` int(8) NOT NULL,
  `test_type_id` int(8) NOT NULL,
  `bin_type_id` int(8) NOT NULL,
  `pred_id` int(8) DEFAULT NULL,
  `channel_id` int(8) DEFAULT NULL,
  `description` varchar(256) DEFAULT NULL,
  `is_dev_specific` tinyint(1) NOT NULL DEFAULT '0',
  `has_filters` tinyint(1) NOT NULL DEFAULT '0',
  `seed` bigint(22) NOT NULL DEFAULT '0',
  `external_id` bigint(20) NOT NULL DEFAULT '0',
  `created_at` datetime NOT NULL,
  `t_create` bigint(20) NOT NULL DEFAULT '0',
  `updated_at` datetime NOT NULL,
  `t_update` bigint(20) NOT NULL DEFAULT '0',
  `creator_id` int(8) NOT NULL,
  `updater_id` int(8) NOT NULL,
  `state_id` int(8) NOT NULL,
  PRIMARY KEY (`id`),
  KEY `fk_crtr_id` (`creator_id`),
  KEY `fk_updtr_id` (`updater_id`),
  KEY `fk_state_id` (`state_id`),
  KEY `fk_channel_id` (`channel_id`),
  KEY `fk_test_type_id` (`test_type_id`),
  KEY `fk_t_api_id` (`api_id`),
  KEY `fk_bin_type_id` (`bin_type_id`),
  KEY `fk_rq_web_id` (`request_webapp_id`),
  KEY `fk_pred_id` (`pred_id`),
  CONSTRAINT `fk_crtr_id` FOREIGN KEY (`creator_id`) REFERENCES `admin` (`id`),
  CONSTRAINT `fk_updtr_id` FOREIGN KEY (`updater_id`) REFERENCES `admin` (`id`),
  CONSTRAINT `fk_state_id` FOREIGN KEY (`state_id`) REFERENCES `state` (`id`),
  CONSTRAINT `fk_channel_id` FOREIGN KEY (`channel_id`) REFERENCES `channel` (`id`),
  CONSTRAINT `fk_test_type_id` FOREIGN KEY (`test_type_id`) REFERENCES `test_type` (`id`),
  CONSTRAINT `fk_t_api_id` FOREIGN KEY (`api_id`) REFERENCES `api` (`id`),
  CONSTRAINT `fk_bin_type_id` FOREIGN KEY (`bin_type_id`) REFERENCES `bin_type` (`id`),
  CONSTRAINT `fk_rq_web_id` FOREIGN KEY (`request_webapp_id`) REFERENCES `request_webapp` (`id`),
  CONSTRAINT `fk_pred_id` FOREIGN KEY (`pred_id`) REFERENCES `test` (`id`)
) ENGINE=InnoDB AUTO_INCREMENT=11 DEFAULT CHARSET=utf8;
/*!40101 SET character_set_client = @saved_cs_client */;

--
-- Dumping data for table `test`
--

LOCK TABLES `test` WRITE;
/*!40000 ALTER TABLE `test` DISABLE KEYS */;
INSERT INTO `test` VALUES (1,'T1',2,3,2,1,NULL,5,'some bogus description',0,0,240472819087472407,152431627430239900,'2018-04-21 06:11:14',152431627430239900,'2018-04-21 06:11:14',152431627430239900,1,1,3),(2,'T2',2,8,2,1,NULL,5,'some bogus description',0,0,7246393171487833450,152431627435683100,'2018-04-21 06:11:14',152431627435683100,'2018-04-21 06:11:14',152431627435683100,1,1,5),(3,'T3',2,11,1,5,NULL,5,'some bogus description',0,0,1015746508408746040,152431627446077800,'2018-04-21 06:11:14',152431627446077800,'2018-04-21 06:11:14',152431627446077800,1,1,3),(4,'T4',2,16,2,1,NULL,5,'some bogus description',0,0,4958314924913246754,152431627451927100,'2018-04-21 06:11:14',152431627451927100,'2018-04-21 06:11:14',152431627451927100,1,1,5),(5,'T5',2,19,2,1,NULL,5,'some bogus description',0,0,1462032225240596771,152431627463444700,'2018-04-21 06:11:14',152431627463444700,'2018-04-21 06:11:14',152431627463444700,1,1,3),(6,'T6',2,24,1,5,NULL,5,'some bogus description',0,0,5574817219029565365,152431627469223500,'2018-04-21 06:11:14',152431627469223500,'2018-04-21 06:11:14',152431627469223500,1,1,5),(7,'T7',2,27,2,1,NULL,5,'some bogus description',0,0,3522862722256474489,152431627478894800,'2018-04-21 06:11:14',152431627478894800,'2018-04-21 06:11:14',152431627478894800,1,1,3),(8,'T8',2,32,2,1,NULL,5,'some bogus description',0,0,4352531902400857234,152431627484473200,'2018-04-21 06:11:14',152431627484473200,'2018-04-21 06:11:14',152431627484473200,1,1,5),(9,'T9',2,35,1,5,NULL,5,'some bogus description',0,0,4959512626904007801,152431627496291500,'2018-04-21 06:11:14',152431627496291500,'2018-04-21 06:11:14',152431627496291500,1,1,3),(10,'T10',2,40,2,1,NULL,5,'some bogus description',0,0,2069273278122962444,152431627501150500,'2018-04-21 06:11:15',152431627501150500,'2018-04-21 06:11:15',152431627501150500,1,1,5);
/*!40000 ALTER TABLE `test` ENABLE KEYS */;
UNLOCK TABLES;
/*!50003 SET @saved_cs_client      = @@character_set_client */ ;
/*!50003 SET @saved_cs_results     = @@character_set_results */ ;
/*!50003 SET @saved_col_connection = @@collation_connection */ ;
/*!50003 SET character_set_client  = utf8 */ ;
/*!50003 SET character_set_results = utf8 */ ;
/*!50003 SET collation_connection  = utf8_general_ci */ ;
/*!50003 SET @saved_sql_mode       = @@sql_mode */ ;
/*!50003 SET sql_mode              = '' */ ;
DELIMITER ;;
/*!50003 CREATE*/ /*!50017 DEFINER=`root`@`localhost`*/ /*!50003 TRIGGER test_insert_trigger
	BEFORE INSERT ON test
	FOR EACH ROW
	BEGIN
		INSERT INTO log_test (modification_type, id, name, api_id, request_webapp_id, test_type_id, bin_type_id, pred_id, channel_id, description, is_dev_specific, has_filters, seed, external_id, created_at, t_create, updated_at, t_update, creator_id, updater_id, state_id) VALUES("INSERT", NEW.id, NEW.name, NEW.api_id, NEW.request_webapp_id, NEW.test_type_id, NEW.bin_type_id, NEW.pred_id, NEW.channel_id, NEW.description, NEW.is_dev_specific, NEW.has_filters, NEW.seed, NEW.external_id, NEW.created_at, NEW.t_create, NEW.updated_at, NEW.t_update, NEW.creator_id, NEW.updater_id, NEW.state_id);
	END */;;
DELIMITER ;
/*!50003 SET sql_mode              = @saved_sql_mode */ ;
/*!50003 SET character_set_client  = @saved_cs_client */ ;
/*!50003 SET character_set_results = @saved_cs_results */ ;
/*!50003 SET collation_connection  = @saved_col_connection */ ;
/*!50003 SET @saved_cs_client      = @@character_set_client */ ;
/*!50003 SET @saved_cs_results     = @@character_set_results */ ;
/*!50003 SET @saved_col_connection = @@collation_connection */ ;
/*!50003 SET character_set_client  = utf8 */ ;
/*!50003 SET character_set_results = utf8 */ ;
/*!50003 SET collation_connection  = utf8_general_ci */ ;
/*!50003 SET @saved_sql_mode       = @@sql_mode */ ;
/*!50003 SET sql_mode              = '' */ ;
DELIMITER ;;
/*!50003 CREATE*/ /*!50017 DEFINER=`root`@`localhost`*/ /*!50003 TRIGGER test_update_trigger
	BEFORE UPDATE ON test
	FOR EACH ROW
	BEGIN
		INSERT INTO log_test (modification_type, id, name, api_id, request_webapp_id, test_type_id, bin_type_id, pred_id, channel_id, description, is_dev_specific, has_filters, seed, external_id, created_at, t_create, updated_at, t_update, creator_id, updater_id, state_id) VALUES("UPDATE", NEW.id, NEW.name, NEW.api_id, NEW.request_webapp_id, NEW.test_type_id, NEW.bin_type_id, NEW.pred_id, NEW.channel_id, NEW.description, NEW.is_dev_specific, NEW.has_filters, NEW.seed, NEW.external_id, NEW.created_at, NEW.t_create, NEW.updated_at, NEW.t_update, NEW.creator_id, NEW.updater_id, NEW.state_id);
	END */;;
DELIMITER ;
/*!50003 SET sql_mode              = @saved_sql_mode */ ;
/*!50003 SET character_set_client  = @saved_cs_client */ ;
/*!50003 SET character_set_results = @saved_cs_results */ ;
/*!50003 SET collation_connection  = @saved_col_connection */ ;

--
-- Table structure for table `test_type`
--

DROP TABLE IF EXISTS `test_type`;
/*!40101 SET @saved_cs_client     = @@character_set_client */;
/*!40101 SET character_set_client = utf8 */;
CREATE TABLE `test_type` (
  `id` int(8) NOT NULL AUTO_INCREMENT,
  `name` varchar(16) NOT NULL,
  `is_del` tinyint(1) NOT NULL DEFAULT '0',
  PRIMARY KEY (`id`),
  UNIQUE KEY `uq_name` (`name`)
) ENGINE=InnoDB AUTO_INCREMENT=3 DEFAULT CHARSET=utf8;
/*!40101 SET character_set_client = @saved_cs_client */;

--
-- Dumping data for table `test_type`
--

LOCK TABLES `test_type` WRITE;
/*!40000 ALTER TABLE `test_type` DISABLE KEYS */;
INSERT INTO `test_type` VALUES (1,'ABTest',0),(2,'XYTest',0);
/*!40000 ALTER TABLE `test_type` ENABLE KEYS */;
UNLOCK TABLES;

--
-- Table structure for table `variant`
--

DROP TABLE IF EXISTS `variant`;
/*!40101 SET @saved_cs_client     = @@character_set_client */;
/*!40101 SET character_set_client = utf8 */;
CREATE TABLE `variant` (
  `id` int(8) NOT NULL AUTO_INCREMENT,
  `name` varchar(32) NOT NULL,
  `api_id` int(8) NOT NULL,
  `request_webapp_id` int(8) NOT NULL,
  `description` varchar(256) DEFAULT NULL,
  `test_id` int(8) NOT NULL,
  `percentage` float NOT NULL,
  `is_final` tinyint(1) NOT NULL DEFAULT '0',
  `url` varchar(256) DEFAULT NULL,
  `custom_data` varchar(2048) DEFAULT NULL,
  `is_del` tinyint(1) NOT NULL DEFAULT '0',
  `pred_id` int(8) DEFAULT NULL,
  `created_at` datetime NOT NULL,
  `t_create` bigint(20) NOT NULL DEFAULT '0',
  `updated_at` datetime NOT NULL,
  `t_update` bigint(20) NOT NULL DEFAULT '0',
  PRIMARY KEY (`id`),
  KEY `fk_v_pred_id` (`pred_id`),
  KEY `fk_v_api_id` (`api_id`),
  KEY `fk_v_rq_web_id` (`request_webapp_id`),
  KEY `fk_test_id` (`test_id`),
  CONSTRAINT `fk_v_pred_id` FOREIGN KEY (`pred_id`) REFERENCES `variant` (`id`),
  CONSTRAINT `fk_v_api_id` FOREIGN KEY (`api_id`) REFERENCES `api` (`id`),
  CONSTRAINT `fk_v_rq_web_id` FOREIGN KEY (`request_webapp_id`) REFERENCES `request_webapp` (`id`),
  CONSTRAINT `fk_test_id` FOREIGN KEY (`test_id`) REFERENCES `test` (`id`)
) ENGINE=InnoDB AUTO_INCREMENT=31 DEFAULT CHARSET=utf8;
/*!40101 SET character_set_client = @saved_cs_client */;

--
-- Dumping data for table `variant`
--

LOCK TABLES `variant` WRITE;
/*!40000 ALTER TABLE `variant` DISABLE KEYS */;
INSERT INTO `variant` VALUES (1,'Control',1,1,NULL,1,50,0,'www.google.com',NULL,0,NULL,'0000-00-00 00:00:00',0,'2018-04-21 06:11:14',152431627430239900),(2,'Variant_A',1,1,NULL,1,30,0,'www.yahoo.com',NULL,0,NULL,'0000-00-00 00:00:00',0,'2018-04-21 06:11:14',152431627430239900),(3,'Variant_B',1,1,NULL,1,20,0,'www.cnn.com',NULL,0,NULL,'0000-00-00 00:00:00',0,'2018-04-21 06:11:14',152431627430239900),(4,'Control',2,7,NULL,2,100,1,'www.google.com',NULL,0,NULL,'0000-00-00 00:00:00',0,'2018-04-21 06:11:14',152431627435683100),(5,'Variant_A',2,7,NULL,2,0,0,'www.yahoo.com',NULL,0,NULL,'0000-00-00 00:00:00',0,'2018-04-21 06:11:14',152431627435683100),(6,'Variant_B',2,7,NULL,2,0,0,'www.cnn.com',NULL,0,NULL,'0000-00-00 00:00:00',0,'2018-04-21 06:11:14',152431627435683100),(7,'Control',1,9,NULL,3,50,0,'www.google.com',NULL,0,NULL,'0000-00-00 00:00:00',0,'2018-04-21 06:11:14',152431627446077800),(8,'Variant_A',1,9,NULL,3,30,0,'www.yahoo.com',NULL,0,NULL,'0000-00-00 00:00:00',0,'2018-04-21 06:11:14',152431627446077800),(9,'Variant_B',1,9,NULL,3,20,0,'www.cnn.com',NULL,0,NULL,'0000-00-00 00:00:00',0,'2018-04-21 06:11:14',152431627446077800),(10,'Control',2,15,NULL,4,100,1,'www.google.com',NULL,0,NULL,'0000-00-00 00:00:00',0,'2018-04-21 06:11:14',152431627451927100),(11,'Variant_A',2,15,NULL,4,0,0,'www.yahoo.com',NULL,0,NULL,'0000-00-00 00:00:00',0,'2018-04-21 06:11:14',152431627451927100),(12,'Variant_B',2,15,NULL,4,0,0,'www.cnn.com',NULL,0,NULL,'0000-00-00 00:00:00',0,'2018-04-21 06:11:14',152431627451927100),(13,'Control',1,17,NULL,5,50,0,'www.google.com',NULL,0,NULL,'0000-00-00 00:00:00',0,'2018-04-21 06:11:14',152431627463444700),(14,'Variant_A',1,17,NULL,5,30,0,'www.yahoo.com',NULL,0,NULL,'0000-00-00 00:00:00',0,'2018-04-21 06:11:14',152431627463444700),(15,'Variant_B',1,17,NULL,5,20,0,'www.cnn.com',NULL,0,NULL,'0000-00-00 00:00:00',0,'2018-04-21 06:11:14',152431627463444700),(16,'Control',2,23,NULL,6,100,1,'www.google.com',NULL,0,NULL,'0000-00-00 00:00:00',0,'2018-04-21 06:11:14',152431627469223500),(17,'Variant_A',2,23,NULL,6,0,0,'www.yahoo.com',NULL,0,NULL,'0000-00-00 00:00:00',0,'2018-04-21 06:11:14',152431627469223500),(18,'Variant_B',2,23,NULL,6,0,0,'www.cnn.com',NULL,0,NULL,'0000-00-00 00:00:00',0,'2018-04-21 06:11:14',152431627469223500),(19,'Control',1,25,NULL,7,50,0,'www.google.com',NULL,0,NULL,'0000-00-00 00:00:00',0,'2018-04-21 06:11:14',152431627478894800),(20,'Variant_A',1,25,NULL,7,30,0,'www.yahoo.com',NULL,0,NULL,'0000-00-00 00:00:00',0,'2018-04-21 06:11:14',152431627478894800),(21,'Variant_B',1,25,NULL,7,20,0,'www.cnn.com',NULL,0,NULL,'0000-00-00 00:00:00',0,'2018-04-21 06:11:14',152431627478894800),(22,'Control',2,31,NULL,8,100,1,'www.google.com',NULL,0,NULL,'0000-00-00 00:00:00',0,'2018-04-21 06:11:14',152431627484473200),(23,'Variant_A',2,31,NULL,8,0,0,'www.yahoo.com',NULL,0,NULL,'0000-00-00 00:00:00',0,'2018-04-21 06:11:14',152431627484473200),(24,'Variant_B',2,31,NULL,8,0,0,'www.cnn.com',NULL,0,NULL,'0000-00-00 00:00:00',0,'2018-04-21 06:11:14',152431627484473200),(25,'Control',1,33,NULL,9,50,0,'www.google.com',NULL,0,NULL,'0000-00-00 00:00:00',0,'2018-04-21 06:11:14',152431627496291500),(26,'Variant_A',1,33,NULL,9,30,0,'www.yahoo.com',NULL,0,NULL,'0000-00-00 00:00:00',0,'2018-04-21 06:11:14',152431627496291500),(27,'Variant_B',1,33,NULL,9,20,0,'www.cnn.com',NULL,0,NULL,'0000-00-00 00:00:00',0,'2018-04-21 06:11:14',152431627496291500),(28,'Control',2,39,NULL,10,100,1,'www.google.com',NULL,0,NULL,'0000-00-00 00:00:00',0,'2018-04-21 06:11:15',152431627501150500),(29,'Variant_A',2,39,NULL,10,0,0,'www.yahoo.com',NULL,0,NULL,'0000-00-00 00:00:00',0,'2018-04-21 06:11:15',152431627501150500),(30,'Variant_B',2,39,NULL,10,0,0,'www.cnn.com',NULL,0,NULL,'0000-00-00 00:00:00',0,'2018-04-21 06:11:15',152431627501150500);
/*!40000 ALTER TABLE `variant` ENABLE KEYS */;
UNLOCK TABLES;
/*!50003 SET @saved_cs_client      = @@character_set_client */ ;
/*!50003 SET @saved_cs_results     = @@character_set_results */ ;
/*!50003 SET @saved_col_connection = @@collation_connection */ ;
/*!50003 SET character_set_client  = utf8 */ ;
/*!50003 SET character_set_results = utf8 */ ;
/*!50003 SET collation_connection  = utf8_general_ci */ ;
/*!50003 SET @saved_sql_mode       = @@sql_mode */ ;
/*!50003 SET sql_mode              = '' */ ;
DELIMITER ;;
/*!50003 CREATE*/ /*!50017 DEFINER=`root`@`localhost`*/ /*!50003 TRIGGER variant_insert_trigger
	BEFORE INSERT ON variant
	FOR EACH ROW
	BEGIN
		INSERT INTO log_variant (modification_type, id, name, api_id, request_webapp_id, description, test_id, percentage, is_final, url, custom_data, is_del, pred_id, created_at, t_create, updated_at, t_update) VALUES("INSERT", NEW.id, NEW.name, NEW.api_id, NEW.request_webapp_id, NEW.description, NEW.test_id, NEW.percentage, NEW.is_final, NEW.url, NEW.custom_data, NEW.is_del, NEW.pred_id, NEW.created_at, NEW.t_create, NEW.updated_at, NEW.t_update);
	END */;;
DELIMITER ;
/*!50003 SET sql_mode              = @saved_sql_mode */ ;
/*!50003 SET character_set_client  = @saved_cs_client */ ;
/*!50003 SET character_set_results = @saved_cs_results */ ;
/*!50003 SET collation_connection  = @saved_col_connection */ ;
/*!50003 SET @saved_cs_client      = @@character_set_client */ ;
/*!50003 SET @saved_cs_results     = @@character_set_results */ ;
/*!50003 SET @saved_col_connection = @@collation_connection */ ;
/*!50003 SET character_set_client  = utf8 */ ;
/*!50003 SET character_set_results = utf8 */ ;
/*!50003 SET collation_connection  = utf8_general_ci */ ;
/*!50003 SET @saved_sql_mode       = @@sql_mode */ ;
/*!50003 SET sql_mode              = '' */ ;
DELIMITER ;;
/*!50003 CREATE*/ /*!50017 DEFINER=`root`@`localhost`*/ /*!50003 TRIGGER variant_update_trigger
	BEFORE UPDATE ON variant
	FOR EACH ROW
	BEGIN
		INSERT INTO log_variant (modification_type, id, name, api_id, request_webapp_id, description, test_id, percentage, is_final, url, custom_data, is_del, pred_id, created_at, t_create, updated_at, t_update) VALUES("UPDATE", NEW.id, NEW.name, NEW.api_id, NEW.request_webapp_id, NEW.description, NEW.test_id, NEW.percentage, NEW.is_final, NEW.url, NEW.custom_data, NEW.is_del, NEW.pred_id, NEW.created_at, NEW.t_create, NEW.updated_at, NEW.t_update);
	END */;;
DELIMITER ;
/*!50003 SET sql_mode              = @saved_sql_mode */ ;
/*!50003 SET character_set_client  = @saved_cs_client */ ;
/*!50003 SET character_set_results = @saved_cs_results */ ;
/*!50003 SET collation_connection  = @saved_col_connection */ ;
/*!40103 SET TIME_ZONE=@OLD_TIME_ZONE */;

/*!40101 SET SQL_MODE=@OLD_SQL_MODE */;
/*!40014 SET FOREIGN_KEY_CHECKS=@OLD_FOREIGN_KEY_CHECKS */;
/*!40014 SET UNIQUE_CHECKS=@OLD_UNIQUE_CHECKS */;
/*!40101 SET CHARACTER_SET_CLIENT=@OLD_CHARACTER_SET_CLIENT */;
/*!40101 SET CHARACTER_SET_RESULTS=@OLD_CHARACTER_SET_RESULTS */;
/*!40101 SET COLLATION_CONNECTION=@OLD_COLLATION_CONNECTION */;
/*!40111 SET SQL_NOTES=@OLD_SQL_NOTES */;

-- Dump completed on 2018-04-21 13:11:15
